municipality,year,33,11,6,3,24,15,12,25,4,30,41,29,20,39,31,target,target_increase,prev_count
Careiro da Várzea,2009,721532,529792,850718,614590,648,187401,39074,,,,,,,,,1,0,91.0
Santo Antônio do Içá,2009,587707,27440,4156380,9072722,10570,6505,1727,,,,,,,,,1,1,12.0
Boca do Acre,2009,159045,41094,690611,21824567,4635,1592601,5313,472.0,1171.0,,1298.0,,,,,1,0,276.0
Tonantins,2009,379531,43470,2132787,4646258,2095,10148,5662,,,,,,,,,1,1,2.0
Tefé,2009,731036,97070,1964925,23717432,8229,61704,1892,5.0,377.0,,,,,,,1,0,96.0
Uarini,2009,560090,71975,3346555,7507215,1976,12047,11702,1.0,,,,,,,,1,0,54.0
Guajará,2009,50655,6404,1188532,6929396,3888,369528,494,16.0,4.0,,,,,,,1,0,41.0
Autazes,2009,1243933,421873,1481013,4795851,7567,565659,62697,6.0,142.0,,,,,,,1,0,329.0
Japurá,2009,1525370,118344,7738913,52990605,904,9909,5989,,,153.0,,,,,,1,0,15.0
Parintins,2009,2450640,600913,927472,2143354,17072,522261,7817,86.0,,,,,,,,1,1,47.0
Humaitá,2009,803231,715585,6246861,28326901,15571,505918,700479,34.0,9124.0,,,,,,,1,0,125.0
Barcelos,2009,5775191,6927054,36881823,86872091,3324,34972,358027,51.0,14211.0,,4285.0,6708.0,,,,1,0,15.0
Juruá,2009,759457,134203,6943621,13910766,1962,26357,8731,,,,,,,,,1,0,27.0
Pauini,2009,262552,62926,1892545,44661014,2862,95076,3253,249.0,137.0,,,,,,,1,1,20.0
Presidente Figueiredo,2009,3056177,113210,1050319,23791236,6633,268894,36793,6.0,98.0,53965.0,73.0,,47367.0,,,1,1,122.0
Ipixuna,2009,134403,16494,2122672,11236424,4147,135771,262,,11.0,,,,,,,1,0,39.0
Rio Preto da Eva,2009,17385,6146,169821,6146239,3264,165428,3088,2.0,,216.0,,,,,,1,0,69.0
Eirunepé,2009,233817,56228,2446979,13979823,5753,141473,347,29.0,19.0,,,,,,,1,0,29.0
Barreirinha,2009,923894,391041,653771,4176781,4005,275737,17764,309.0,,,,,,,,1,0,62.0
Silves,2009,633275,139399,265072,3031634,1294,84142,14597,,,,523.0,,,,,1,0,26.0
Manicoré,2009,787853,532752,5061453,44617697,10032,842029,2507908,2751.0,20712.0,,159.0,5742.0,,,,1,0,189.0
Tabatinga,2009,109867,12164,984953,2517679,14688,11678,3639,,,,,,,,,1,1,11.0
Anori,2009,800664,216452,3623044,2105118,1903,15161,7113,1.0,,,,,,,,1,0,9.0
Apuí,2009,284581,18022,1531425,57842512,4762,1447124,49463,36.0,36346.0,,119.0,4171.0,,,,1,1,310.0
Novo Airão,2009,1246220,210518,7741529,33018133,3903,33638,3097,,45.0,,13.0,,,,,1,1,12.0
Envira,2009,72611,7174,457938,7783540,3901,142088,585,5.0,,,,,,,,1,0,60.0
Atalaia do Norte,2009,396205,1314,5151424,79768642,2917,9214,415,,,,,,,,,1,1,13.0
Itapiranga,2009,244112,86009,244728,4217434,1519,57391,2418,40.0,,,,,,,,1,0,13.0
Novo Aripuanã,2009,791915,172429,3175492,40840884,4478,468430,892070,1806.0,13988.0,9810.0,42.0,15887.0,,,,1,0,156.0
Fonte Boa,2009,772906,141010,8543591,4114353,3078,15028,20386,,49.0,,,,,,,1,0,17.0
Maués,2009,1247964,350109,1901739,41022495,5450,337003,20050,102.0,16632.0,4182.0,,74.0,,,,1,0,80.0
Coari,2009,2769687,535685,9388798,52270613,10937,55931,9538,,,,,,,,,1,0,30.0
Manacapuru,2009,1596946,445057,2572395,3313298,13924,256139,22167,6.0,,,,,,,,1,1,20.0
Manaquiri,2009,327257,160220,1334350,2531583,1137,92463,6883,,8.0,,,,,,,1,1,6.0
São Gabriel da Cachoeira,2009,1487707,411767,20206783,98530403,9287,8315,44283,125.0,13.0,149.0,,,,,,1,0,88.0
Caapiranga,2009,325361,122896,1252951,8816404,1167,57982,15145,,,,,,,,,1,1,2.0
Borba,2009,1749722,439697,5477631,41739784,4044,110807,143657,57.0,290.0,,,,,,,1,0,78.0
Urucará,2009,681981,208997,1527955,28639066,3142,142155,3987,,1.0,28016.0,,92.0,,,,1,0,20.0
Manaus,2009,1651918,72557,633086,9845284,269047,278657,5513,846.0,10.0,7158.0,290.0,,1985.0,,,1,1,28.0
Codajás,2009,1537551,433529,6139822,12813512,2380,20680,5989,,,,,,,,,1,1,11.0
São Paulo de Olivença,2009,645377,46445,3950584,17387748,10249,15186,2822,2.0,,,,,,,,1,1,3.0
Alvarães,2009,194948,31352,468355,5917413,1158,24351,1276,6.0,6.0,,,,,,,1,0,97.0
Canutama,2009,339671,158375,5898872,30213861,2370,745330,556175,108.0,18374.0,,655.0,,,,,1,0,250.0
Amaturá,2009,316762,20057,2044203,2935366,3197,6537,1048,,,,,,,,,1,1,1.0
São Sebastião do Uatumã,2009,549110,83108,634208,10526645,2751,115368,5804,164.0,9.0,,,,,,,1,0,50.0
Nova Olinda do Norte,2009,462034,137750,978403,4567642,2827,97087,8817,,37.0,,,,,,,1,0,60.0
Iranduba,2009,355484,103180,366142,1461027,17170,179812,453,5.0,,,,,,,,1,1,20.0
Carauari,2009,446296,54374,5481769,22882098,3448,80356,687,48.0,92.0,,,,,,,1,0,22.0
Jutaí,2009,1237636,117255,9776063,66784716,2034,40373,8506,1.0,483.0,,,,,,,1,0,39.0
Santa Isabel do Rio Negro,2009,774840,482459,14341344,54467770,3011,17937,96236,41.0,104.0,,,3420.0,,,,1,0,12.0
Beruri,2009,1059432,263841,4557453,13667053,1498,56550,1125,15.0,27.0,,,,,,,1,0,26.0
Benjamin Constant,2009,192212,9034,884002,8636115,10880,13153,311,,,,,,,,,1,1,7.0
Itamarati,2009,296561,36834,2738885,25343540,1495,26998,612,,,,,,,,,1,0,19.0
Tapauá,2009,1421407,761440,14785927,78518346,1777,57678,2712,,278.0,,,,,,,1,0,33.0
Boa Vista do Ramos,2009,377445,317135,743121,1344083,1442,111622,6003,10.0,,,,,,,,1,0,3.0
Lábrea,2009,531693,316711,6183858,65996600,7133,3105354,979852,237.0,10537.0,3381.0,2351.0,2454.0,,,,1,0,269.0
Careiro,2009,349278,228550,1775093,4070203,3310,386024,20900,34.0,108.0,181.0,,,,,,1,0,62.0
Maraã,2009,1642324,819084,10102430,6243000,1480,14582,21246,,,,,,,,,1,0,28.0
Nhamundá,2009,1121597,300552,571267,13597052,1135,160279,5106,316.0,143.0,,,,,,,1,1,9.0
Anamã,2009,201816,54478,689304,1782895,466,8081,4189,1.0,,,,,,,,1,1,1.0
Itacoatiara,2009,1933154,556444,2000627,4864162,18917,534296,52461,252.0,,1181.0,,,,,,1,0,251.0
Careiro da Várzea,2010,620671,618746,845333,599896,652,218746,39708,,,,,,,,,1,1,46.0
Santo Antônio do Içá,2010,586329,24641,4161665,9072511,10505,6366,1034,,,,,,,,,1,0,15.0
Boca do Acre,2010,148197,49436,685391,21754000,4763,1668894,7166,476.0,1227.0,,1257.0,,,,,1,1,212.0
Tonantins,2010,367795,53180,2135172,4647006,2266,8364,6168,,,,,,,,,1,1,4.0
Tefé,2010,715789,108245,1963508,23712602,8329,69028,4784,2.0,383.0,,,,,,,1,1,42.0
Uarini,2010,556037,74421,3348305,7508326,1991,10339,12142,,,,,,,,,1,1,5.0
Guajará,2010,45976,7881,1188756,6919781,3914,381158,1447,4.0,,,,,,,,1,1,23.0
Autazes,2010,1108989,547181,1464225,4759606,7782,624179,66638,9.0,138.0,,,,,,,1,0,106.0
Japurá,2010,1494175,142501,7744090,52990557,1077,10918,6720,,,159.0,,,,,,1,1,6.0
Parintins,2010,2199205,847516,930034,2142507,17223,524553,8301,88.0,,,188.0,,,,,1,1,58.0
Humaitá,2010,784074,734652,6253238,28330292,15711,495895,700602,40.0,9206.0,,,,,,,1,1,47.0
Barcelos,2010,5643098,7056194,36894924,86869307,3712,35291,349469,47.0,14143.0,,4840.0,6711.0,,,,1,1,6.0
Juruá,2010,722374,158008,6952665,13909689,1964,29870,10522,5.0,,,,,,,,1,1,11.0
Pauini,2010,250109,74049,1889590,44655345,2875,104532,3823,150.0,141.0,,,,,,,1,1,35.0
Presidente Figueiredo,2010,3044116,120995,1048221,23786574,6691,272919,46367,15.0,79.0,51942.0,46.0,,46808.0,,,1,0,131.0
Ipixuna,2010,129916,18094,2121199,11232413,4308,142872,1371,,11.0,,,,,,,1,1,9.0
Rio Preto da Eva,2010,16633,6445,170264,6141384,3350,170154,3108,,,250.0,,,,,,1,1,16.0
Eirunepé,2010,230089,62815,2445203,13978701,5829,141178,614,20.0,19.0,,,,,,,1,1,20.0
Barreirinha,2010,793065,522039,650495,4169284,4103,285761,18172,307.0,,,76.0,,,,,1,1,30.0
Silves,2010,587885,180846,266593,3031306,1363,85445,15375,7.0,,,1115.0,,,,,1,1,4.0
Manicoré,2010,769786,546930,5063165,44578175,10388,882879,2507826,3371.0,20724.0,,103.0,5741.0,,,,1,1,169.0
Tabatinga,2010,109239,14024,985401,2517322,14861,11634,2188,,,,,,,,,1,0,13.0
Anori,2010,665561,335977,3625644,2104856,1943,18996,16464,5.0,7.0,,,,,,,1,0,7.0
Apuí,2010,283840,18389,1531169,57787174,5116,1504275,48373,10.0,35925.0,,120.0,4170.0,,,,1,0,346.0
Novo Airão,2010,1245133,213380,7739939,33016698,3962,36307,1617,,45.0,,15.0,,,,,1,1,20.0
Envira,2010,69265,10752,456411,7777018,3932,149672,792,,,,,,,,,1,1,54.0
Atalaia do Norte,2010,380793,1902,5165090,79768203,2931,10798,411,,,,,,,,,1,1,17.0
Itapiranga,2010,216765,112788,244328,4218508,1562,56172,3323,46.0,,,160.0,,,,,1,1,3.0
Novo Aripuanã,2010,772919,186395,3177637,40823090,4513,492518,888323,1632.0,14192.0,10093.0,23.0,15897.0,,,,1,1,107.0
Fonte Boa,2010,728004,176453,8549128,4114029,3229,16466,23040,,52.0,,,,,,,1,1,10.0
Maués,2010,1224850,373324,1900937,41011485,5554,347722,20573,103.0,16410.0,4755.0,12.0,74.0,,,,1,1,41.0
Coari,2010,2727509,567587,9394850,52268281,11330,61479,10152,,,,,,,,,1,1,9.0
Manacapuru,2010,1429072,593688,2525267,3262639,14381,347115,47756,14.0,,,,,,,,1,0,151.0
Manaquiri,2010,286772,200272,1304036,2528186,1158,120139,13315,,23.0,,,,,,,1,0,23.0
São Gabriel da Cachoeira,2010,1478928,418235,20208754,98530391,9321,8395,44493,116.0,13.0,148.0,,,,,,1,1,52.0
Caapiranga,2010,307087,137626,1230676,8801438,1310,79499,34268,1.0,,,,,,,,1,1,23.0
Borba,2010,1721767,461291,5466474,41728944,4067,138594,144216,34.0,304.0,,,,,,,1,1,27.0
Urucará,2010,605600,286869,1524776,28635377,3163,147173,4553,,1.0,27729.0,60.0,92.0,,,,1,1,16.0
Manaus,2010,1604865,113104,635241,9837705,270221,288850,6226,758.0,7.0,7360.0,36.0,,1977.0,,,1,1,37.0
Codajás,2010,1387191,570267,6145637,12813027,2394,22459,12488,,,,,,,,,1,0,14.0
São Paulo de Olivença,2010,642104,51253,3949146,17387361,10241,15926,2379,3.0,,,,,,,,1,1,9.0
Alvarães,2010,190633,33802,469755,5917887,1175,23768,1827,12.0,6.0,,,,,,,1,1,21.0
Canutama,2010,334623,162024,5899278,30197972,2416,760963,556171,4.0,18400.0,,1893.0,,,47.0,,1,0,98.0
Amaturá,2010,314115,19331,2048610,2935275,3177,6142,520,,,,,,,,,1,1,9.0
São Sebastião do Uatumã,2010,527564,100693,635695,10522863,2848,120969,6315,173.0,9.0,,40.0,,,,,1,1,22.0
Nova Olinda do Norte,2010,449230,148558,977271,4562887,2840,104708,9061,,41.0,,,,,,,1,1,13.0
Urucurituba,2010,857983,927081,1251375,109481,2644,57029,673,,,,1103.0,,,,,1,1,7.0
Iranduba,2010,324310,131327,363571,1453715,17657,191947,739,,7.0,,,,,,,1,0,77.0
Carauari,2010,412121,74957,5489819,22878154,3714,87962,2312,28.0,101.0,,,,,,,1,1,9.0
Jutaí,2010,1209915,140170,9777688,66783898,2113,42581,10224,12.0,466.0,,,,,,,1,1,10.0
Santa Isabel do Rio Negro,2010,767854,487406,14340418,54468051,3019,19522,97023,47.0,105.0,,,3420.0,,,,1,1,1.0
Beruri,2010,914278,384051,4563594,13665070,1647,65843,12454,15.0,41.0,,,,,,,1,1,20.0
Benjamin Constant,2010,190554,11193,883933,8636144,10982,12619,283,,,,,,,,,1,0,8.0
Itamarati,2010,286259,42921,2738859,25341559,1575,32028,1724,,,,,,,,,1,1,10.0
Tapauá,2010,1320841,840050,14793840,78515938,1805,67764,9028,20.0,279.0,,,,,,,1,1,8.0
Boa Vista do Ramos,2010,329275,366292,744304,1342108,1553,109768,7542,4.0,,,15.0,,,,,1,1,2.0
Lábrea,2010,504467,336400,6194411,65926468,7148,3172170,980149,202.0,10528.0,3434.0,2331.0,2453.0,,,,1,0,250.0
Careiro,2010,309050,267211,1701736,4044508,3385,476452,30997,38.0,120.0,182.0,,,,,,1,1,53.0
Maraã,2010,1585683,870749,10106316,6243258,1479,14637,22026,,,,,,,,,1,1,7.0
Nhamundá,2010,1060979,361841,568904,13588546,1128,170177,5313,186.0,143.0,,233.0,,,,,1,1,48.0
Anamã,2010,193398,62025,685669,1782609,481,8928,8119,,,,,,,,,1,1,13.0
Itacoatiara,2010,1694242,770669,2024077,4857833,19340,537745,56129,235.0,,1203.0,16.0,,,,,1,1,53.0
Careiro da Várzea,2011,677467,560873,851115,604170,658,214363,35108,,,,,,,,,1,0,131.0
Santo Antônio do Içá,2011,578326,28923,4162972,9071726,10574,7656,2875,,,,,,,,,1,1,10.0
Boca do Acre,2011,156014,44959,686525,21717145,4837,1703305,6066,489.0,1306.0,,160.0,,,,,1,1,397.0
Tonantins,2011,369370,52636,2133473,4647113,2372,8331,6656,,,,,,,,,1,1,7.0
Tefé,2011,729492,96860,1965079,23712373,8456,68104,1917,,389.0,,,,,,,1,0,87.0
Uarini,2011,558522,72263,3348778,7508829,2013,9615,11541,,,,,,,,,1,0,35.0
Guajará,2011,46333,8721,1188142,6912502,3919,388406,880,14.0,,,,,,,,1,0,75.0
Autazes,2011,1133396,519289,1474333,4760906,7810,618896,63973,5.0,141.0,,,,,,,1,1,51.0
Japurá,2011,1498729,132203,7750131,52990293,1116,11216,6380,,,146.0,,,,,,1,0,25.0
Parintins,2011,2281547,763435,934808,2156553,17262,506968,8617,87.0,,,338.0,,,,,1,0,72.0
Humaitá,2011,796018,727193,6247075,28325750,15753,504186,698557,60.0,9120.0,,,,,,,1,0,65.0
Barcelos,2011,5799721,6858790,36936342,86867400,3736,36442,349446,42.0,14139.0,,4953.0,6710.0,,,,1,0,25.0
Juruá,2011,719642,156215,6956127,13909144,1975,31122,10867,5.0,,,,,,,,1,0,34.0
Pauini,2011,256333,67545,1889050,44651758,2873,109339,3380,188.0,148.0,,,,,,,1,1,45.0
Presidente Figueiredo,2011,2992550,132910,1070920,23805301,6696,267729,49196,1.0,63.0,52719.0,74.0,,46614.0,,,1,1,104.0
Ipixuna,2011,132145,17875,2120820,11229482,4280,145254,317,,11.0,,,,,,,1,0,54.0
Rio Preto da Eva,2011,16059,6395,171136,6144871,3385,166440,3006,,,297.0,,,,,,1,1,32.0
Eirunepé,2011,242084,55835,2440148,13978355,5811,141980,223,6.0,26.0,,,,,,,1,0,51.0
Barreirinha,2011,888818,425565,656742,4174215,4115,275023,18475,333.0,,,16.0,,,,,1,0,119.0
Silves,2011,593886,173762,268781,3033807,1361,83482,14846,12.0,,,,,,,,1,0,25.0
Manicoré,2011,760787,553145,5063561,44533107,10575,930525,2508759,1853.0,20937.0,,101.0,5739.0,,,,1,0,346.0
Tabatinga,2011,108889,15569,983826,2517356,14823,11811,2394,,,,,,,,,1,0,13.0
Anori,2011,735829,273686,3626094,2104658,1991,18726,8459,6.0,7.0,,,,,,,1,1,7.0
Apuí,2011,282698,17812,1532649,57747779,5158,1535499,56956,87.0,35653.0,,105.0,4164.0,,,,1,0,235.0
Novo Airão,2011,1240345,211670,7744030,33016498,4143,36908,3442,,45.0,,14.0,,,,,1,0,21.0
Envira,2011,74212,7891,453893,7770808,3946,156710,382,,,,,,,,,1,0,92.0
Atalaia do Norte,2011,375320,2044,5168951,79767069,2941,13299,509,,,,,,,,,1,0,21.0
Itapiranga,2011,230421,98454,246350,4219719,1616,54334,2704,47.0,,,7.0,,,,,1,0,13.0
Novo Aripuanã,2011,777657,179803,3179158,40816887,4521,499647,887567,1794.0,14289.0,9994.0,16.0,15899.0,,,,1,0,131.0
Fonte Boa,2011,745718,163229,8544063,4113528,3336,18011,22463,,53.0,,,,,,,1,0,23.0
Maués,2011,1244874,353346,1914291,41010765,5541,334859,20464,53.0,16143.0,5365.0,22.0,75.0,,,,1,0,110.0
Coari,2011,2673941,611163,9399043,52268041,11476,63665,13855,,,,,,,,,1,0,61.0
Manacapuru,2011,1391492,637613,2509697,3252088,14605,362101,52329,7.0,,,,,,,,1,0,116.0
Manaquiri,2011,301020,187690,1299224,2526282,1252,124088,14315,,30.0,,,,,,,1,0,21.0
São Gabriel da Cachoeira,2011,1475183,410683,20219077,98531371,9332,8434,44546,36.0,13.0,148.0,,,,,,1,0,99.0
Caapiranga,2011,300052,146435,1227247,8800091,1347,81917,34816,1.0,,,,,,,,1,0,43.0
Borba,2011,1715613,460725,5476364,41729866,4116,134615,144064,21.0,308.0,,,,,,,1,1,61.0
Urucará,2011,643107,244780,1529748,28636599,3170,144600,4701,,6.0,28575.0,15.0,92.0,,,,1,0,41.0
Manaus,2011,1625827,93185,634778,9836676,272388,287872,5188,919.0,10.0,7442.0,71.0,,1994.0,,,1,0,104.0
Codajás,2011,1423571,536002,6144774,12813037,2465,22512,11102,,,,,,,,,1,0,12.0
São Paulo de Olivença,2011,632391,56242,3950049,17386203,10241,19864,3423,,,,,,,,,1,0,11.0
Alvarães,2011,193851,30753,470104,5918854,1198,22806,1282,12.0,5.0,,,,,,,1,0,55.0
Canutama,2011,334959,162037,5896555,30152847,2434,807326,556665,11.0,18518.0,,2148.0,,,291.0,,1,1,81.0
Amaturá,2011,301646,26530,2050607,2934833,3227,9243,1084,,,,,,,,,1,0,10.0
São Sebastião do Uatumã,2011,529933,97895,637648,10522426,2893,120510,5663,174.0,9.0,,19.0,,,,,1,0,44.0
Nova Olinda do Norte,2011,447295,149325,981507,4564647,2840,99882,9058,,41.0,,,,,,,1,1,27.0
Urucurituba,2011,953274,818338,1270556,109999,2656,51549,956,,,,41.0,,,,,1,0,11.0
Iranduba,2011,335128,121466,362228,1450373,18009,195420,642,,7.0,,,,,,,1,0,67.0
Carauari,2011,419220,69177,5489658,22876906,3830,89219,1045,31.0,82.0,,,,,,,1,0,17.0
Jutaí,2011,1211651,132246,9784268,66783350,2203,43576,9311,2.0,460.0,,,,,,,1,0,48.0
Santa Isabel do Rio Negro,2011,755718,487150,14350012,54471555,3025,19517,96564,24.0,118.0,,,3420.0,,,,1,1,19.0
Beruri,2011,1005189,304294,4563870,13664316,1689,65964,1631,8.0,33.0,,,,,,,1,0,46.0
Benjamin Constant,2011,188644,11610,884595,8636150,10970,13427,311,,,,,,,,,1,1,5.0
Itamarati,2011,292221,40632,2736126,25340112,1563,33643,628,,,,,,,,,1,0,37.0
Tapauá,2011,1354882,803375,14793006,78515195,1810,77134,3885,22.0,256.0,,,,,,,1,0,60.0
Boa Vista do Ramos,2011,377506,315432,762407,1346781,1561,90836,6329,5.0,,,4.0,,,,,1,0,33.0
Lábrea,2011,517933,324080,6169042,65834898,7219,3289985,979648,175.0,10539.0,3393.0,802.0,2448.0,,,,1,1,235.0
Careiro,2011,323499,256477,1701045,4045635,3428,472676,30604,17.0,117.0,182.0,,,,,,1,0,114.0
Maraã,2011,1605527,847649,10106781,6243260,1513,16098,23319,,,,,,,,,1,0,39.0
Nhamundá,2011,1025393,393241,574523,13588947,1148,168022,5631,286.0,148.0,,111.0,,,,,1,0,128.0
Anamã,2011,194923,60435,684963,1782401,497,9699,8313,,,,,,,,,1,0,21.0
Itacoatiara,2011,1803164,662017,2037155,4873653,19667,512419,51921,270.0,,1219.0,3.0,,,,,1,0,162.0
Careiro da Várzea,2012,706476,545426,842683,596410,664,217644,34449,,,,7.0,,,,,1,0,93.0
Santo Antônio do Içá,2012,577292,32281,4159751,9071013,10593,8772,3350,,,,,,,,,1,0,21.0
Boca do Acre,2012,156661,49796,685029,21683783,4842,1731760,6698,571.0,1542.0,,124.0,,,,,1,0,432.0
Tonantins,2012,366972,59663,2128153,4646985,2414,8613,7151,,,,,,,,,1,0,12.0
Tefé,2012,728350,97990,1967123,23720051,8577,56457,3725,,397.0,,,,,,,1,0,40.0
Uarini,2012,554485,78796,3344770,7507968,2020,10918,12604,,,,,,,,,1,1,15.0
Guajará,2012,49656,10444,1187796,6914726,3940,381250,1103,2.0,,,,,,,,1,0,66.0
Autazes,2012,1200433,461108,1476872,4758223,7950,610585,63432,5.0,141.0,,,,,,,1,0,191.0
Japurá,2012,1490415,140751,7750355,52989923,1138,11305,6184,,,137.0,,,,,,1,0,11.0
Parintins,2012,2485029,575751,929217,2174432,17261,473358,10531,86.0,,,3950.0,,,,,1,0,58.0
Humaitá,2012,799465,731171,6245437,28320281,15795,505293,696869,152.0,9244.0,,,,,,,1,1,64.0
Barcelos,2012,5661528,7021887,36907875,86865023,3741,35310,356094,37.0,14120.0,,5395.0,6710.0,,,,1,0,19.0
Juruá,2012,718140,160504,6953425,13909361,1979,29274,12409,5.0,,,,,,,,1,0,6.0
Pauini,2012,260274,70313,1885595,44646884,2876,111047,3363,110.0,152.0,,,,,,,1,0,55.0
Presidente Figueiredo,2012,2951154,155091,1087127,23823104,6771,253164,47049,,64.0,54387.0,436.0,,46426.0,,,1,0,124.0
Ipixuna,2012,133095,20152,2119973,11226448,4282,145251,972,,11.0,,,,,,,1,1,29.0
Rio Preto da Eva,2012,15713,6668,171256,6147836,3517,163011,3258,,,329.0,,,,,,1,0,65.0
Eirunepé,2012,237000,59443,2441463,13978314,5868,141585,755,13.0,27.0,,,,,,,1,0,26.0
Barreirinha,2012,972670,358928,663485,4182181,4149,239403,21646,350.0,,,490.0,,,,,1,0,64.0
Silves,2012,616720,153711,266464,3033586,1387,83727,14274,12.0,,,54.0,,,,,1,0,21.0
Manicoré,2012,765055,551713,5065915,44486389,10772,970115,2510100,1861.0,21364.0,,67.0,5739.0,,,,1,0,248.0
Tabatinga,2012,113452,15286,979988,2517488,14931,11327,2198,,,,,,,,,1,0,10.0
Anori,2012,754038,259270,3622726,2104339,2012,17603,9462,6.0,,,,,,,,1,0,9.0
Apuí,2012,282289,17916,1532962,57681918,5240,1600403,58720,96.0,34801.0,,54.0,4162.0,,,,1,1,216.0
Novo Airão,2012,1253188,204877,7742674,33018341,4163,32201,1588,,45.0,,18.0,,,,,1,0,11.0
Envira,2012,72202,10634,452713,7764765,3963,162824,741,,,,,,,,,1,0,67.0
Atalaia do Norte,2012,384587,2056,5160047,79767389,2971,12544,527,,,,,,,,,1,0,20.0
Itapiranga,2012,243153,88422,245546,4220343,1686,51869,2574,51.0,,,8.0,,,,,1,0,12.0
Novo Aripuanã,2012,776083,179940,3183241,40807684,4544,501564,891969,1795.0,14521.0,10003.0,,15890.0,,,,1,0,124.0
Fonte Boa,2012,737783,177240,8535606,4112938,3378,19483,23921,,52.0,,,,,,,1,0,12.0
Maués,2012,1290808,321677,1914502,41010881,5706,320794,19837,53.0,15706.0,5691.0,68.0,75.0,,,,1,0,102.0
Coari,2012,2715085,579344,9397385,52270162,11728,55932,11545,,,,,,,,,1,0,44.0
Manacapuru,2012,1554988,511683,2524473,3278015,14734,302625,33391,7.0,,,16.0,,,,,1,0,93.0
Manaquiri,2012,318427,180736,1310707,2527423,1261,104674,10641,,32.0,,,,,,,1,0,21.0
São Gabriel da Cachoeira,2012,1480465,411652,20213572,98530754,9346,8365,44461,36.0,13.0,148.0,,,,,,1,0,60.0
Caapiranga,2012,296093,153666,1231381,8806484,1369,70395,32516,1.0,,,,,,,,1,0,12.0
Borba,2012,1720691,454633,5489938,41735933,4178,116048,143937,21.0,312.0,,,,,,,1,0,84.0
Urucará,2012,713504,174683,1534656,28639676,3179,135058,4883,,6.0,29549.0,107.0,92.0,,,,1,0,22.0
Manaus,2012,1628978,93777,633599,9849843,273382,270163,5889,897.0,19.0,7522.0,268.0,,2015.0,,,1,1,26.0
Codajás,2012,1511715,462294,6135720,12813219,2455,20547,7513,,,,,,,,,1,0,11.0
São Paulo de Olivença,2012,638572,56041,3943247,17385202,10280,21733,3338,,,,,,,,,1,0,9.0
Alvarães,2012,194748,30766,469487,5921273,1234,19955,1383,14.0,5.0,,,,,,,1,0,25.0
Canutama,2012,331944,163915,5897721,30130145,2460,829849,556976,8.0,18577.0,,1820.0,,,376.0,,1,0,219.0
Amaturá,2012,300381,28003,2050137,2934344,3251,9820,1234,,,,,,,,,1,0,7.0
São Sebastião do Uatumã,2012,534258,96888,639490,10521353,2923,115977,6064,175.0,9.0,,25.0,,,,,1,0,30.0
Nova Olinda do Norte,2012,459716,139715,982528,4565335,2864,95629,8766,,42.0,,,,,,,1,0,41.0
Iranduba,2012,347086,114622,363371,1465761,18135,173600,649,,8.0,,41.0,,,,,1,0,42.0
Carauari,2012,419990,69890,5490154,22876967,3865,86780,1403,32.0,85.0,,,,,,,1,1,5.0
Jutaí,2012,1189519,150780,9784958,66783669,2249,43988,11433,5.0,466.0,,,,,,,1,0,32.0
Santa Isabel do Rio Negro,2012,756721,491507,14349992,54467113,3023,19471,95509,24.0,128.0,,,3420.0,,,,1,0,22.0
Beruri,2012,1027689,288537,4560431,13664764,1693,60258,3593,8.0,21.0,,,,,,,1,0,27.0
Benjamin Constant,2012,188193,12915,884024,8636672,11097,12484,317,,,,,,,,,1,0,13.0
Itamarati,2012,290781,43284,2737217,25339747,1606,31323,967,,,,,,,,,1,0,16.0
Tapauá,2012,1384098,774783,14797005,78517079,1809,70916,3731,21.0,123.0,,,,,,,1,0,45.0
Boa Vista do Ramos,2012,427748,279841,754206,1347445,1589,83949,5992,5.0,,,86.0,,,,,1,0,19.0
Lábrea,2012,514122,333192,6156147,65764128,7264,3367568,980157,418.0,10545.0,3402.0,766.0,2452.0,,,,1,0,416.0
Careiro,2012,323676,270147,1723260,4054286,3465,432222,26301,12.0,121.0,184.0,2.0,,,,,1,0,51.0
Maraã,2012,1597506,862758,10100366,6243228,1531,14771,23986,,,,,,,,,1,0,9.0
Nhamundá,2012,1096689,324091,579429,13595171,1136,154506,5884,294.0,159.0,,90.0,,,,,1,0,47.0
Anamã,2012,190516,65392,684699,1782005,508,10138,7971,,,,,,,,,1,0,11.0
Itacoatiara,2012,1909310,577690,2019283,4870953,20071,509895,52713,276.0,,1217.0,86.0,,,,,1,0,148.0
Careiro da Várzea,2013,728939,522157,847395,586440,682,223235,34908,,,,,,,,,1,0,29.0
Boca do Acre,2013,157266,50420,691628,21642721,4901,1764919,6753,353.0,1845.0,,,,,,,1,0,378.0
Tefé,2013,740189,89073,1968773,23720230,8608,54077,1325,,392.0,,,,,,,1,0,35.0
Uarini,2013,563131,69958,3346105,7506950,2031,11767,11619,,,,,,,,,1,0,25.0
Guajará,2013,50102,10368,1187410,6913952,3945,381806,1334,,,,,,,,,1,0,45.0
Autazes,2013,1256746,407799,1496705,4751603,8036,594580,63128,5.0,146.0,,,,,,,1,0,128.0
Japurá,2013,1490066,125192,7765621,52990227,1143,11902,5918,,,131.0,,,,,,1,0,4.0
Parintins,2013,2465138,587622,936026,2166863,17268,485650,10856,94.0,,,98.0,,,,,1,1,18.0
Humaitá,2013,787218,735054,6242361,28313522,15939,515963,704357,35.0,9247.0,,14.0,,,,,1,1,65.0
Barcelos,2013,4981129,7658721,36941337,86866126,3753,35423,365282,47.0,14156.0,,5047.0,6710.0,,,,1,0,15.0
Juruá,2013,730494,152533,6948929,13908211,1986,30628,12312,4.0,,,,,,,,1,0,5.0
Pauini,2013,269777,65602,1882941,44641178,2878,114678,3341,46.0,173.0,,,,,,,1,0,47.0
Presidente Figueiredo,2013,2899590,191878,1098886,23827337,6883,250881,45350,,107.0,56273.0,824.0,,46764.0,,,1,0,54.0
Ipixuna,2013,138040,18909,2117376,11221475,4313,149773,287,,11.0,,,,,,,1,1,51.0
Rio Preto da Eva,2013,14657,7048,172430,6149556,3599,160271,3679,6.0,,340.0,,,,,,1,0,34.0
Eirunepé,2013,245335,55970,2440636,13977916,5856,138521,203,8.0,23.0,,,,,,,1,1,12.0
Barreirinha,2013,963934,351156,664612,4164211,4172,271890,21758,313.0,,,1256.0,,,,,1,1,29.0
Silves,2013,616835,153970,266856,3031410,1379,85142,14229,9.0,,,101.0,,,,,1,0,21.0
Manicoré,2013,768774,544376,5070599,44418751,10831,1030764,2516912,675.0,21501.0,,161.0,5744.0,,,,1,0,226.0
Tabatinga,2013,119236,13900,977097,2516900,15092,10997,1446,,,,,,,,,1,0,9.0
Anori,2013,799582,217242,3622754,2104304,2090,16788,6690,6.0,,,,,,,,1,0,8.0
Apuí,2013,278895,17796,1535969,57624464,5287,1661135,57343,88.0,33332.0,,90.0,4162.0,,,,1,1,333.0
Novo Airão,2013,1248995,206938,7745606,33018113,4180,31700,1493,,46.0,,24.0,,,,,1,1,6.0
Envira,2013,77244,8505,452394,7761512,3966,163843,373,5.0,,,,,,,,1,1,52.0
Atalaia do Norte,2013,392982,1592,5152849,79767222,2996,12101,397,,,,,,,,,1,0,15.0
Itapiranga,2013,241881,88400,246504,4216971,1718,55314,2799,48.0,,,17.0,,,,,1,1,4.0
Novo Aripuanã,2013,777296,177266,3188150,40772536,4561,531909,893145,1460.0,14974.0,10045.0,,15892.0,,,,1,1,98.0
Fonte Boa,2013,762549,157500,8530980,4111729,3393,21183,23023,,44.0,,,,,,,1,0,2.0
Maués,2013,1252151,343818,1912678,40978492,5784,370643,21203,55.0,15067.0,5790.0,41.0,75.0,,,,1,1,57.0
Coari,2013,2781977,514183,9401424,52269416,11896,52094,10194,,,,,,,,,1,1,14.0
Manacapuru,2013,1583879,491630,2539823,3281937,15061,282269,25322,8.0,,,3.0,,,,,1,1,17.0
Manaquiri,2013,309897,191596,1318126,2525693,1381,97419,9756,,33.0,,,,,,,1,1,1.0
São Gabriel da Cachoeira,2013,1457485,418707,20228260,98531637,9362,8530,44687,,13.0,148.0,18.0,,,,,1,0,36.0
Caapiranga,2013,317587,134471,1234626,8804101,1457,67879,31783,,,,,,,,,1,0,5.0
Borba,2013,1729708,441484,5500443,41736993,4350,108500,143872,23.0,319.0,,,,,,,1,1,22.0
Urucará,2013,688069,195196,1535757,28633392,3215,144337,5182,,6.0,30017.0,129.0,92.0,,,,1,1,4.0
Manaus,2013,1637184,85175,635896,9853688,276570,260983,6062,804.0,19.0,7673.0,250.0,,2046.0,,,1,0,53.0
Codajás,2013,1511743,460456,6135864,12812724,2479,21798,8399,,,,,,,,,1,1,5.0
São Paulo de Olivença,2013,651335,48526,3940483,17383944,10258,21206,2661,,,,,,,,,1,0,6.0
Alvarães,2013,195846,30040,469575,5921570,1247,19434,1134,14.0,5.0,,,,,,,1,1,5.0
Canutama,2013,335124,160390,5902056,30118649,2478,838735,556753,30.0,18546.0,,919.0,,,111.0,,1,1,162.0
São Sebastião do Uatumã,2013,539295,89500,638696,10509969,2953,130605,5801,185.0,9.0,,154.0,,,,,1,1,8.0
Nova Olinda do Norte,2013,455792,141377,986600,4562523,3090,96286,8877,,51.0,,,,,,,1,0,22.0
Urucurituba,2013,1009092,757409,1266835,102484,2742,67857,775,,,,175.0,,,,,1,0,8.0
Iranduba,2013,348580,113253,366625,1467175,18761,168025,829,6.0,8.0,,11.0,,,,,1,1,17.0
Carauari,2013,423282,69616,5490964,22878915,3968,81098,1130,27.0,168.0,,,,,,,1,1,7.0
Jutaí,2013,1193595,138015,9794915,66783558,2275,44432,9804,,473.0,,,,,,,1,1,7.0
Santa Isabel do Rio Negro,2013,746675,486378,14358276,54472372,3026,18533,98035,21.0,149.0,,,3420.0,,,,1,0,19.0
Beruri,2013,1056962,261698,4561681,13663988,1832,59591,1205,7.0,29.0,,,,,,,1,1,11.0
Benjamin Constant,2013,192949,11687,881951,8636674,10926,11302,216,,,,,,,,,1,1,3.0
Itamarati,2013,298098,39004,2735830,25339586,1630,30063,714,,,,,,,,,1,1,13.0
Tapauá,2013,1364662,784369,14804754,78516966,1819,73228,3630,18.0,119.0,,,,,,,1,1,8.0
Boa Vista do Ramos,2013,387566,309176,746332,1330105,1598,118973,6777,5.0,,,329.0,,,,,1,1,4.0
Lábrea,2013,527820,323918,6167629,65702018,7271,3413703,980340,176.0,10557.0,3420.0,857.0,2453.0,,,,1,1,313.0
Careiro,2013,330773,263094,1747124,4056008,3480,409995,22793,10.0,210.0,186.0,,,,,,1,1,13.0
Maraã,2013,1675849,786528,10103038,6243083,1552,12998,21098,,,,,,,,,1,1,8.0
Nhamundá,2013,1081960,333531,581344,13583125,1150,168164,6232,297.0,168.0,,1479.0,,,,,1,1,21.0
Anamã,2013,198741,58428,684184,1782182,519,9409,7765,,,,,,,,,1,0,9.0
Itacoatiara,2013,1912928,570514,2018165,4853073,20334,530139,54734,250.0,,1199.0,152.0,,,,,1,0,58.0
Careiro da Várzea,2014,738091,519208,839679,572111,684,239769,34217,,,,,,,,,1,1,26.0
Boca do Acre,2014,158868,49928,690146,21567756,5097,1839295,6861,793.0,1844.0,,219.0,,,,,1,1,295.0
Tonantins,2014,378809,53948,2123147,4646017,2428,9505,6097,,,,,,,,,1,0,2.0
Tefé,2014,736613,92909,1967301,23710939,8669,63929,1928,,382.0,,,,,,,1,1,26.0
Uarini,2014,556957,79638,3340309,7499662,2072,20124,12799,,,,,,,,,1,1,8.0
Guajará,2014,48531,11729,1187275,6910093,3974,385727,1574,14.0,,,,,,,,1,0,42.0
Autazes,2014,1255142,416820,1487954,4729548,8089,617988,63050,7.0,149.0,,,,,,,1,1,86.0
Japurá,2014,1486108,126819,7767521,52989688,1149,12641,6139,,,133.0,,,,,,1,1,2.0
Parintins,2014,2494697,557372,936900,2164105,17290,490729,8271,158.0,,,93.0,,,,,1,1,45.0
Humaitá,2014,839920,711905,6213201,28301698,16117,527954,703963,60.0,8877.0,,14.0,,,,,1,0,74.0
Barcelos,2014,4710991,7951196,36906751,86866117,3737,37957,374802,75.0,14276.0,,5134.0,6704.0,,,,1,1,13.0
Juruá,2014,724404,161351,6943940,13907000,1992,32589,13821,,,,,,,,,1,1,5.0
Pauini,2014,273958,65435,1878489,44632475,2883,123581,3347,238.0,208.0,,,,,,,1,1,43.0
Presidente Figueiredo,2014,2907486,182544,1094711,23824183,7209,254037,51447,6.0,188.0,55917.0,356.0,,46689.0,,,1,1,43.0
Ipixuna,2014,137100,20145,2116873,11217731,4370,153449,509,,7.0,,,,,,,1,0,59.0
Rio Preto da Eva,2014,13782,9064,171154,6146292,3653,163533,3639,1.0,,451.0,20.0,,,,,1,1,12.0
Eirunepé,2014,237346,64807,2439464,13975360,5884,141147,430,12.0,18.0,,,,,,,1,1,18.0
Barreirinha,2014,970442,343737,665847,4166365,4235,274345,16755,297.0,,,1279.0,,,,,1,1,39.0
Silves,2014,620744,152382,263905,3028912,1384,89124,13375,,,,108.0,,,,,1,0,14.0
Manicoré,2014,809831,526224,5039505,44367126,10920,1091633,2515712,1425.0,20791.0,,175.0,5748.0,,,,1,0,195.0
Tabatinga,2014,60006,71643,978583,2516676,15655,10992,1115,,,,,,,,,1,1,2.0
Anori,2014,775520,234177,3624795,2104412,2124,19120,9293,,15.0,,,,,,,1,1,8.0
Apuí,2014,280663,17563,1534623,57545185,5427,1742512,55176,83.0,32998.0,,160.0,4171.0,,,,1,0,476.0
Novo Airão,2014,1249461,209428,7741447,33017311,4167,33611,1614,,46.0,,9.0,,,,,1,1,13.0
Envira,2014,76692,9735,451998,7755049,4036,169873,454,5.0,,,,,,,,1,1,53.0
Atalaia do Norte,2014,279668,81576,5184405,79767925,3019,12691,788,,,,,,,,,1,0,13.0
Itapiranga,2014,246014,85802,245399,4216638,1777,55595,2352,57.0,,,17.0,,,,,1,0,16.0
Novo Aripuanã,2014,788530,175652,3177232,40737394,4569,569791,890961,2058.0,14865.0,10287.0,,15896.0,,,,1,0,167.0
Fonte Boa,2014,762610,159201,8527581,4110684,3500,23153,23629,,43.0,,,,,,,1,1,2.0
Maués,2014,1267056,331538,1911248,40966814,5864,384322,18713,137.0,14362.0,5621.0,46.0,75.0,,,,1,0,88.0
Coari,2014,2812622,493732,9394222,52266411,12157,53833,8198,9.0,,,,,,,,1,0,53.0
Manacapuru,2014,1628354,458112,2537853,3271160,15249,288573,20618,8.0,,,,,,,,1,1,24.0
Manaquiri,2014,332688,171479,1315449,2523077,1386,99244,10558,,20.0,,,,,,,1,0,6.0
São Gabriel da Cachoeira,2014,1464670,419086,20221192,98531074,9373,8550,44711,,13.0,148.0,18.0,,,,,1,1,20.0
Caapiranga,2014,317991,135376,1233831,8799227,1483,71768,32230,,,,,,,,,1,1,5.0
Borba,2014,1753096,428471,5483285,41730119,4446,122408,143517,31.0,318.0,,,,,,,1,1,24.0
Urucará,2014,689720,191701,1536814,28634061,3219,144018,5314,5.0,6.0,30253.0,190.0,92.0,,,,1,0,32.0
Manaus,2014,1645804,82428,630883,9853629,277818,258935,6030,880.0,15.0,7898.0,,,2031.0,,,1,0,30.0
Codajás,2014,1510155,467325,6131325,12811451,2475,22473,8259,,,,,,,,,1,1,16.0
São Paulo de Olivença,2014,571935,128308,3940588,17382522,10259,22010,2791,,,,,,,,,1,1,3.0
Alvarães,2014,194815,31585,468925,5917048,1255,23867,1357,8.0,5.0,,,,,,,1,1,10.0
Canutama,2014,349601,156528,5893646,30105229,2584,850935,556481,6.0,18529.0,,252.0,,,,,1,0,195.0
São Sebastião do Uatumã,2014,540436,89981,637187,10509550,2979,131720,4868,260.0,9.0,,179.0,,,,,1,1,47.0
Nova Olinda do Norte,2014,458706,140279,983629,4555402,3117,104740,8670,,52.0,,,,,,,1,1,9.0
Urucurituba,2014,1042159,720099,1271060,102481,2806,68051,537,,,,176.0,,,,,1,1,8.0
Iranduba,2014,352161,111290,366081,1465617,19658,167523,932,6.0,5.0,,,,,,,1,1,35.0
Carauari,2014,443767,59399,5481723,22878269,4014,80974,814,24.0,184.0,,,,,,,1,1,12.0
Jutaí,2014,1186569,145969,9793110,66782483,2350,46185,9974,,427.0,,,,,,,1,1,15.0
Santa Isabel do Rio Negro,2014,737162,488057,14360456,54476677,3030,19186,98651,11.0,173.0,,,3420.0,,,,1,1,2.0
Beruri,2014,1029823,283022,4558711,13662170,1867,65082,6283,6.0,29.0,,,,,,,1,0,30.0
Benjamin Constant,2014,107724,93112,884188,8636750,11847,10646,1440,,,,,,,,,1,0,16.0
Itamarati,2014,296445,42671,2732950,25338276,1691,31894,998,,,,,,,,,1,1,18.0
Tapauá,2014,1380925,781403,14790722,78515345,1815,74722,4480,15.0,138.0,,,,,,,1,1,30.0
Boa Vista do Ramos,2014,406973,289862,746576,1330605,1705,119480,5338,2.0,,,320.0,,,,,1,1,9.0
Lábrea,2014,552680,319205,6166274,65542155,7287,3551995,980369,8.0,10553.0,3429.0,3763.0,2444.0,,,,1,0,558.0
Careiro,2014,341407,255563,1741859,4048341,3486,420401,22224,8.0,205.0,183.0,,,,,,1,0,40.0
Maraã,2014,1695479,772572,10098147,6242183,1584,13284,20897,,,,,,,,,1,1,18.0
Nhamundá,2014,1108087,308659,579533,13580166,1138,172505,5355,378.0,161.0,,1468.0,,,,,1,1,31.0
Anamã,2014,201047,55906,685897,1782257,521,8044,7558,,,,,,,,,1,1,7.0
Itacoatiara,2014,1913617,577330,2005777,4828390,20406,561731,52568,290.0,,1230.0,148.0,,,,,1,1,43.0
Careiro da Várzea,2015,708511,545176,824147,550422,696,281679,33127,,,,,,,,,1,1,33.0
Santo Antônio do Içá,2015,592846,25283,4153142,9069042,10508,10719,1511,,,,,,,,,1,1,3.0
Boca do Acre,2015,154885,53593,687252,21477207,5252,1931315,7290,451.0,1724.0,,1837.0,,,,,1,0,533.0
Tefé,2015,738437,90646,1967882,23706464,8794,68820,1254,,372.0,,,,,,,1,0,155.0
Uarini,2015,577967,67059,3333304,7496427,2069,23501,11234,,,,,,,,,1,0,90.0
Guajará,2015,49566,12763,1186286,6906367,3985,388530,1408,7.0,5.0,,,,,,,1,1,13.0
Autazes,2015,1241699,430015,1466561,4682354,8206,687374,62386,,153.0,,,,,,,1,1,124.0
Parintins,2015,2405522,647910,932805,2143756,17371,512552,9291,248.0,,,160.0,,,,,1,1,73.0
Humaitá,2015,837722,715809,6209430,28289092,16162,546547,699965,7.0,8967.0,,9.0,,,,,1,1,64.0
Barcelos,2015,4435564,8217829,36900492,86868021,3772,42485,383461,64.0,14336.0,,5006.0,6704.0,,,,1,0,22.0
Juruá,2015,730816,157030,6941102,13906135,2014,34760,13240,,,,,,,,,1,0,33.0
Pauini,2015,268748,70478,1875650,44622581,2897,136232,3717,80.0,230.0,,,,,,,1,0,67.0
Presidente Figueiredo,2015,2742862,284356,1114171,23812906,7544,277375,71180,,208.0,59195.0,8234.0,,46742.0,,,1,1,73.0
Ipixuna,2015,139088,20949,2114611,11213755,4396,157031,347,,7.0,,,,,,,1,1,12.0
Rio Preto da Eva,2015,14510,9048,170094,6131819,3667,178471,3381,41.0,,538.0,20.0,,,,,1,0,18.0
Eirunepé,2015,246991,57769,2436898,13973337,5907,143284,254,19.0,9.0,,,,,,,1,0,41.0
Barreirinha,2015,941836,373393,666615,4160687,4291,278272,17581,367.0,,,260.0,,,,,1,1,77.0
Silves,2015,608072,165853,261040,3025779,1397,94840,12950,,,,,,,,,1,1,13.0
Manicoré,2015,797882,532939,5030206,44248939,11129,1225943,2513536,1609.0,21078.0,,85.0,5744.0,,,,1,1,146.0
Tabatinga,2015,117247,17405,975808,2515144,15365,13176,524,,,,,,,,,1,0,37.0
Anori,2015,796042,218671,3620802,2103893,2191,19817,8014,,26.0,,,,,,,1,0,9.0
Apuí,2015,279739,18237,1535810,57447114,5482,1842288,53061,38.0,32516.0,,101.0,4174.0,,,,1,1,315.0
Novo Airão,2015,1235816,222790,7738476,33014141,4310,39719,1794,,46.0,,3.0,,,,,1,0,14.0
Envira,2015,76919,10704,450523,7745904,4039,179299,449,5.0,,,,,,,,1,0,74.0
Atalaia do Norte,2015,337628,32054,5176777,79765012,3031,15210,396,,,,,,,,,1,0,3.0
Itapiranga,2015,237721,95447,242741,4214212,1785,59082,2506,140.0,,,17.0,,,,,1,1,11.0
Novo Aripuanã,2015,782945,179510,3176368,40671708,4673,640518,890057,586.0,14514.0,10444.0,10.0,15900.0,,,,1,1,125.0
Fonte Boa,2015,771957,157915,8517915,4109668,3562,24830,24509,,45.0,,,,,,,1,0,18.0
Maués,2015,1228784,365955,1915446,40956478,5958,394052,19816,128.0,13472.0,5625.0,6.0,76.0,,,,1,0,83.0
Coari,2015,2737328,565532,9387663,52265617,12251,60083,12711,,,,,,,,,1,0,39.0
Manacapuru,2015,1588496,498046,2506251,3210415,15434,369877,31387,23.0,,,,,,,,1,1,51.0
Manaquiri,2015,317697,184177,1308863,2517585,1396,109973,14192,,18.0,,,,,,,1,1,1.0
São Gabriel da Cachoeira,2015,1463361,425447,20217251,98529644,9386,8535,45055,,13.0,148.0,,,,,,1,1,25.0
Caapiranga,2015,329115,131578,1212778,8772450,1513,96756,47713,,,,,,,,,1,1,15.0
Borba,2015,1728749,450926,5465018,41717746,4580,154337,143968,38.0,325.0,,,,,,,1,1,27.0
Urucará,2015,650265,228015,1537844,28633978,3209,142763,7228,119.0,1.0,30817.0,1057.0,92.0,,,,1,0,19.0
Manaus,2015,1637383,90197,630072,9836614,280273,274930,5836,926.0,14.0,8084.0,,,2022.0,,,1,0,27.0
Codajás,2015,1547651,440649,6121353,12809842,2530,24556,6882,,,,,,,,,1,0,26.0
São Paulo de Olivença,2015,667533,48298,3923389,17379874,10152,26109,3055,3.0,,,,,,,,1,0,9.0
Alvarães,2015,197482,29048,469362,5914834,1286,25731,1110,7.0,5.0,,,,,,,1,0,64.0
Canutama,2015,344463,163580,5893400,30084372,2601,869927,556835,6.0,18522.0,,85.0,,,,,1,0,98.0
Amaturá,2015,321284,23494,2035894,2932597,3191,9981,729,,,,,,,,,1,1,2.0
São Sebastião do Uatumã,2015,526866,104808,635861,10504343,3018,136295,5239,658.0,9.0,,70.0,,,,,1,1,49.0
Nova Olinda do Norte,2015,454517,144386,979376,4546437,3146,117806,8877,,52.0,,,,,,,1,1,31.0
Urucurituba,2015,1008766,756624,1265301,100876,2824,72296,648,12.0,,,22.0,,,,,1,0,11.0
Iranduba,2015,348108,115253,365042,1450498,20873,182502,997,,,,,,,,,1,0,38.0
Carauari,2015,411314,84316,5485424,22875424,4044,86277,2118,36.0,215.0,,,,,,,1,0,14.0
Jutaí,2015,1207245,143622,9768621,66781598,2402,48454,14702,,423.0,,,,,,,1,0,30.0
Santa Isabel do Rio Negro,2015,735089,492784,14359584,54473671,3033,20449,98578,45.0,174.0,,59.0,3420.0,,,,1,0,13.0
Beruri,2015,1060209,261448,4550986,13656765,1982,74327,1241,5.0,29.0,,,,,,,1,1,25.0
Benjamin Constant,2015,191108,13969,881857,8636127,11102,11303,236,,,,,,,,,1,1,8.0
Itamarati,2015,297915,43775,2729094,25337064,1727,34571,779,,,,,,,,,1,0,28.0
Tapauá,2015,1362155,807058,14793065,78515191,1819,65706,4324,11.0,231.0,,,,,,,1,0,35.0
Boa Vista do Ramos,2015,393440,307018,745672,1328216,1743,119223,5516,21.0,,,12.0,,,,,1,0,20.0
Lábrea,2015,542209,334740,6189629,65299849,7319,3756189,980472,49.0,10527.0,3426.0,13305.0,2448.0,,,,1,1,386.0
Careiro,2015,334258,259210,1709608,4028079,3499,472098,26523,18.0,197.0,184.0,,,,,,1,1,8.0
Maraã,2015,1699566,780898,10085357,6241736,1601,14051,20939,,,,,,,,,1,0,30.0
Nhamundá,2015,1070343,353104,571695,13576596,1126,178101,5585,432.0,161.0,,306.0,,,,,1,1,34.0
Anamã,2015,201220,57992,677913,1780710,524,9338,13529,,,,,,,,,1,1,8.0
Itacoatiara,2015,1899735,594983,1993380,4804309,20494,598832,48202,320.0,,1232.0,2.0,,,,,1,1,80.0
Careiro da Várzea,2016,633879,614678,784845,521696,700,355597,32360,,,,,,,,,1,0,92.0
Santo Antônio do Içá,2016,594418,22098,4149047,9068693,10557,11398,6841,,,,,,,,,1,1,4.0
Boca do Acre,2016,153154,56944,689693,21385988,5282,2018371,7378,372.0,1723.0,,1902.0,,,,,1,1,354.0
Tonantins,2016,377918,57899,2114635,4645230,2453,11181,10635,,,,,,,,,1,1,2.0
Tefé,2016,696215,120474,1969996,23699410,8843,80864,6497,,370.0,,,,,,,1,1,37.0
Uarini,2016,552385,83839,3338519,7492253,2078,29256,13212,19.0,,,,,,,,1,1,8.0
Guajará,2016,48254,11658,1186797,6896191,4002,400423,1549,28.0,15.0,,,,,,,1,1,40.0
Autazes,2016,1076661,585668,1436639,4627146,8272,764966,79238,,158.0,,,,,,,1,0,474.0
Japurá,2016,1478798,140114,7761045,52989231,1151,13268,6466,,,134.0,,,,,,1,1,9.0
Parintins,2016,2041282,1011662,937278,2131121,17535,519650,10746,258.0,,,83.0,,,,,1,0,106.0
Humaitá,2016,808934,732916,6176662,28255902,16232,621828,702253,24.0,8939.0,,21.0,,,,,1,1,75.0
Barcelos,2016,4458805,8258315,36829884,86868537,3770,44721,387675,170.0,14341.0,,4822.0,6703.0,,,,1,1,4.0
Juruá,2016,702504,174204,6947934,13905322,2021,38260,14852,,,,,,,,,1,1,10.0
Pauini,2016,259975,77562,1875353,44609882,2901,150563,4047,111.0,219.0,,,,,,,1,1,38.0
Presidente Figueiredo,2016,2267363,759568,1116553,23800843,7739,289248,71286,,206.0,60108.0,5132.0,,46724.0,,,1,0,149.0
Ipixuna,2016,135534,22354,2113827,11207128,4465,166311,559,,6.0,,,,,,,1,0,29.0
Rio Preto da Eva,2016,12880,9222,170659,6113475,3696,197718,3310,56.0,,549.0,24.0,,,,,1,1,18.0
Eirunepé,2016,245758,59048,2433748,13970520,5947,148772,606,60.0,9.0,,,,,,,1,1,1.0
Barreirinha,2016,807814,505674,673995,4167309,4508,264401,19226,302.0,,,73.0,,,,,1,0,172.0
Silves,2016,580477,192035,258939,3023665,1453,99880,13476,9.0,,,,,,,,1,0,23.0
Manicoré,2016,755619,565818,5019461,44118940,11236,1374607,2514339,1685.0,21598.0,,35.0,5750.0,,,,1,0,419.0
Tabatinga,2016,119301,17154,973679,2514757,15429,13886,458,1.0,,,,,,,,1,1,3.0
Anori,2016,701147,305527,3614480,2100133,2272,31086,14789,,22.0,,,,,,,1,0,6.0
Apuí,2016,278059,18486,1536643,57255219,5543,2036894,51893,58.0,31512.0,,80.0,4174.0,,,,1,1,362.0
Novo Airão,2016,1219213,239105,7734322,33003618,4334,53956,2484,,45.0,,18.0,,,,,1,0,13.0
Envira,2016,76349,10862,449838,7737222,4119,188920,526,5.0,1.0,,,,,,,1,0,44.0
Atalaia do Norte,2016,395822,6818,5146366,79761821,3038,15895,352,,,,,,,,,1,1,1.0
Novo Aripuanã,2016,770519,187284,3175766,40533783,4682,784877,887315,1896.0,14332.0,10863.0,14.0,15900.0,,,,1,1,156.0
Fonte Boa,2016,753622,175933,8515353,4109694,3567,25217,26970,,45.0,,,,,,,1,1,15.0
Maués,2016,1198223,392207,1914646,40933590,5975,421052,21105,128.0,13254.0,5526.0,14.0,76.0,,,,1,1,51.0
Coari,2016,2733436,566087,9391295,52263401,12305,65739,8920,,,,,,,,,1,1,14.0
Manacapuru,2016,1343948,729483,2445137,3117675,15514,505071,63041,62.0,,,,,,,,1,0,108.0
Manaquiri,2016,268056,233759,1269995,2512043,1452,127630,40932,8.0,26.0,,,,,,,1,0,50.0
São Gabriel da Cachoeira,2016,1464217,421778,20219870,98529674,9414,8527,45143,5.0,13.0,148.0,,,,,,1,0,28.0
Caapiranga,2016,282810,169561,1195373,8735704,1531,122823,84104,,,,,,,,,1,0,41.0
Borba,2016,1694517,480644,5427722,41694351,4674,218471,144952,28.0,332.0,,,,,,,1,0,91.0
Urucará,2016,574391,301863,1541304,28636726,3234,137332,7580,98.0,1.0,31466.0,1303.0,92.0,,,,1,0,4.0
Manaus,2016,1598766,124025,631382,9821241,281399,291237,6576,1380.0,25.0,8303.0,,,2017.0,,,1,0,19.0
Codajás,2016,1432348,547507,6118051,12801194,2549,36128,15686,,,,,,,,,1,1,14.0
São Paulo de Olivença,2016,661139,51355,3924735,17378409,10282,28786,3704,3.0,,,,,,,,1,1,3.0
Alvarães,2016,182584,40114,470721,5911946,1335,29906,2247,7.0,5.0,,,,,,,1,1,7.0
Canutama,2016,342582,165159,5892418,30056281,2626,899701,556295,44.0,18540.0,,145.0,,,,,1,1,78.0
Amaturá,2016,317129,22819,2038357,2932237,3201,11767,1660,,,,,,,,,1,0,23.0
São Sebastião do Uatumã,2016,520098,111297,636441,10504530,3129,135517,5363,751.0,9.0,,30.0,,,,,1,0,52.0
Nova Olinda do Norte,2016,438888,157030,977217,4540330,3222,127077,10783,,49.0,,,,,,,1,0,174.0
Urucurituba,2016,889236,883954,1257006,101957,2846,71278,1005,20.0,,,67.0,,,,,1,0,9.0
Iranduba,2016,311686,150229,364562,1419576,21229,214653,1285,53.0,,,,,,,,1,0,29.0
Carauari,2016,419680,77442,5483700,22873988,4077,88933,1045,56.0,247.0,,,,,,,1,1,4.0
Jutaí,2016,1212018,150488,9754179,66780929,2398,50197,16428,,430.0,,,,,,,1,1,13.0
Santa Isabel do Rio Negro,2016,732931,497184,14360193,54469690,3071,21087,98966,95.0,170.0,,59.0,3420.0,,,,1,0,8.0
Beruri,2016,967197,343938,4546597,13651944,2081,88479,6710,5.0,43.0,,,,,,,1,0,33.0
Benjamin Constant,2016,193524,13532,880301,8636032,10911,11145,260,,,,,,,,,1,0,23.0
Itamarati,2016,292060,46479,2730827,25336946,1723,35875,1015,,,,,,,,,1,0,8.0
Tapauá,2016,1377742,790628,14794722,78513026,1827,67448,3925,7.0,238.0,,,,,,,1,1,4.0
Boa Vista do Ramos,2016,342661,358648,741223,1331508,1863,118417,6520,21.0,,,,,,,,1,0,12.0
Lábrea,2016,524718,347920,6195219,64920487,7451,4133952,980849,203.0,10499.0,3427.0,12989.0,2448.0,,,,1,1,636.0
Careiro,2016,283642,302818,1653144,3984572,3543,557751,47774,48.0,202.0,184.0,,,,,,1,0,97.0
Maraã,2016,1644000,829097,10088700,6241417,1622,15860,23452,,,,,,,,,1,1,4.0
Nhamundá,2016,972882,452473,567338,13570519,1163,186301,5950,442.0,158.0,,223.0,,,,,1,0,165.0
Itacoatiara,2016,1696340,784254,1976851,4778581,20609,650940,52295,368.0,,1244.0,8.0,,,,,1,1,86.0
Careiro da Várzea,2017,727855,522632,777968,517011,705,366719,30867,,,,,,,,,1,1,81.0
Santo Antônio do Içá,2017,581841,30160,4148834,9068609,10620,11517,11471,,,,,,,,,1,1,19.0
Boca do Acre,2017,159190,53513,689216,21294202,5335,2107709,7024,378.0,1728.0,,2512.0,,,,,1,0,718.0
Tonantins,2017,373646,61765,2115418,4645149,2469,11732,9772,,,,,,,,,1,1,5.0
Tefé,2017,715382,107707,1968628,23697372,8889,83029,1299,,363.0,,,,,,,1,0,88.0
Uarini,2017,550713,83627,3340041,7487670,2097,34578,12814,21.0,,,,,,,,1,0,46.0
Guajará,2017,45766,13938,1186217,6887752,4007,409598,1578,46.0,15.0,,,,,,,1,0,58.0
Autazes,2017,1245222,424335,1421584,4608737,8278,795622,74820,,152.0,,,,,,,1,1,56.0
Japurá,2017,1484415,134195,7761721,52988533,1153,13631,6410,,,133.0,,,,,,1,1,10.0
Parintins,2017,2309890,745487,936231,2134316,17562,514324,11549,101.0,,,155.0,,,,,1,1,16.0
Humaitá,2017,793171,745852,6146511,28227608,16283,683336,701977,10.0,8891.0,,71.0,,,,,1,1,95.0
Barcelos,2017,4944978,7797075,36831662,86862573,3787,40556,371403,167.0,14337.0,,4499.0,6703.0,,,,1,0,18.0
Juruá,2017,706501,169617,6948349,13906421,2018,37407,14784,,,,,,,,,1,0,15.0
Pauini,2017,273134,69016,1873286,44603173,2903,155347,3422,100.0,232.0,,,,,,,1,0,46.0
Presidente Figueiredo,2017,2815914,232005,1109746,23800916,7862,282757,67860,13.0,195.0,59413.0,1344.0,,46745.0,,,1,1,64.0
Ipixuna,2017,133797,23909,2112498,11203257,4529,171740,448,,6.0,,,,,,,1,0,28.0
Rio Preto da Eva,2017,13481,7786,171326,6110880,3724,200394,3324,30.0,,563.0,81.0,,,,,1,0,43.0
Eirunepé,2017,244861,59628,2434084,13967366,6028,152141,331,20.0,9.0,,,,,,,1,1,20.0
Barreirinha,2017,903532,409362,675029,4172305,4517,258818,19463,213.0,,,63.0,,,,,1,1,21.0
Silves,2017,609975,162943,260304,3024560,1485,97900,12761,8.0,,,,,,,,1,1,14.0
Manicoré,2017,764188,558143,5036377,44029582,11310,1449777,2510715,1603.0,21595.0,,49.0,5750.0,,,,1,0,345.0
Tabatinga,2017,104833,32367,972208,2514205,15703,14871,479,5.0,,,,,,,,1,0,22.0
Anori,2017,713343,295075,3615195,2099515,2325,31732,12256,,15.0,,,,,,,1,0,6.0
Apuí,2017,278244,18275,1535101,57062653,5553,2230876,52112,62.0,31455.0,,54.0,4176.0,,,,1,0,649.0
Novo Airão,2017,1237797,219842,7736828,33003545,4334,52639,1944,,45.0,,121.0,,,,,1,1,10.0
Envira,2017,74184,12477,449883,7726928,4207,199601,549,6.0,7.0,,,,,,,1,0,43.0
Atalaia do Norte,2017,329934,46143,5170889,79764862,3041,14635,596,5.0,,,,,,,,1,1,13.0
Itapiranga,2017,240629,93187,241416,4212695,1898,61229,2488,85.0,,,25.0,,,,,1,1,12.0
Novo Aripuanã,2017,771199,185078,3178738,40393520,4779,924137,886585,1667.0,14261.0,11362.0,,15904.0,,,,1,0,234.0
Fonte Boa,2017,766242,167058,8512682,4109717,3600,25006,26047,,49.0,,,,,,,1,0,39.0
Maués,2017,1226542,366220,1909086,40911561,6145,445970,20047,88.0,13750.0,6303.0,14.0,73.0,,,,1,0,96.0
Coari,2017,2710477,581913,9391701,52262169,12329,69551,13043,,,,,,,,,1,0,35.0
Manacapuru,2017,1519447,556142,2457161,3128811,15605,488286,54380,100.0,,,,,,,,1,0,48.0
Manaquiri,2017,314101,189174,1261150,2510839,1461,132248,44892,10.0,26.0,,,,,,,1,1,9.0
São Gabriel da Cachoeira,2017,1469909,415380,20220977,98529234,9420,8499,45162,,13.0,148.0,,,,,,1,0,27.0
Caapiranga,2017,306357,148226,1203395,8743077,1537,114663,74651,,,,,,,,,1,1,9.0
Borba,2017,1708004,467124,5416870,41686630,4694,237493,144526,35.0,314.0,,,,,,,1,1,16.0
Urucará,2017,659295,221476,1539394,28636820,3253,135890,7671,75.0,1.0,30974.0,451.0,92.0,,,,1,1,4.0
Manaus,2017,1626483,95920,632832,9819597,282813,291222,5630,1281.0,30.0,8521.0,,,2023.0,,,1,1,13.0
Codajás,2017,1479056,504265,6114659,12799452,2594,39099,14338,,,,,,,,,1,0,20.0
São Paulo de Olivença,2017,635986,77653,3923585,17378531,10333,28372,3943,9.0,,,,,,,,1,0,15.0
Alvarães,2017,187745,35936,470632,5908495,1344,33478,1224,6.0,5.0,,,,,,,1,1,34.0
Canutama,2017,339334,166806,5892279,30015168,2631,943047,555964,38.0,18347.0,,177.0,,,,,1,0,244.0
Amaturá,2017,310857,28005,2037572,2932596,3247,12213,2680,,,,,,,,,1,1,3.0
São Sebastião do Uatumã,2017,530538,100473,637718,10501936,3133,137836,5175,303.0,9.0,,46.0,,,,,1,1,9.0
Nova Olinda do Norte,2017,452054,145014,969670,4534346,3254,136582,13624,,48.0,,,,,,,1,1,34.0
Urucurituba,2017,941535,831983,1257907,102745,2873,69677,598,,,,51.0,,,,,1,1,1.0
Iranduba,2017,354871,108608,363428,1418634,21464,215137,959,172.0,,,,,,,,1,0,20.0
Carauari,2017,426700,72471,5480873,22871725,4116,92154,820,54.0,255.0,,,,,,,1,0,14.0
Jutaí,2017,1210719,152170,9756126,66780620,2442,51485,13070,7.0,428.0,,,,,,,1,1,16.0
Santa Isabel do Rio Negro,2017,746759,482472,14360624,54469849,3077,19651,100681,104.0,153.0,,,3420.0,,,,1,1,6.0
Beruri,2017,1004329,307227,4547353,13651700,2088,88617,5622,20.0,38.0,,,,,,,1,0,24.0
Benjamin Constant,2017,172833,34408,879302,8636105,11227,11259,570,,,,,,,,,1,1,5.0
Itamarati,2017,294384,44640,2730559,25337028,1700,35910,704,,,,,,,,,1,1,5.0
Tapauá,2017,1336314,822196,14799470,78510476,1828,74887,4179,7.0,206.0,,,,,,,1,0,31.0
Boa Vista do Ramos,2017,384802,317572,739038,1333359,1881,118721,5464,15.0,,,9.0,,,,,1,1,6.0
Lábrea,2017,538082,338675,6184508,64657819,7498,4396085,980200,189.0,10509.0,3441.0,20702.0,2454.0,,,,1,0,1030.0
Careiro,2017,315055,270364,1656433,3985322,3556,554771,47750,42.0,199.0,184.0,,,,,,1,1,18.0
Maraã,2017,1601172,867087,10091780,6241718,1626,16253,24512,,,,,,,,,1,1,16.0
Nhamundá,2017,1024551,401016,565222,13564003,1168,194894,5686,374.0,153.0,,381.0,,,,,1,1,21.0
Anamã,2017,193252,64559,665913,1773019,527,11885,32074,2.0,,,,,,,,1,1,9.0
Itacoatiara,2017,1896312,588208,1974758,4785133,20627,643471,51402,320.0,,1249.0,3.0,,,,,1,1,97.0
Careiro da Várzea,2018,662481,587548,785840,519218,716,356187,31767,,,,,,,,,1,0,96.0
Santo Antônio do Içá,2018,586799,25784,4150065,9067877,10561,11716,10250,,,,,,,,,1,0,22.0
Boca do Acre,2018,158536,53775,687436,21219919,5422,2185178,7076,464.0,1607.0,,1394.0,,,,,1,1,462.0
Tonantins,2018,369589,66141,2116200,4645283,2532,11287,8919,,,,,,,,,1,0,16.0
Tefé,2018,699988,120001,1968630,23701085,8950,79320,4335,,361.0,,,,,,,1,1,64.0
Uarini,2018,545636,88994,3340002,7489194,2100,32297,13310,28.0,,,,,,,,1,1,33.0
Guajará,2018,43776,15550,1185223,6876269,4019,422394,1627,52.0,7.0,,,,,,,1,1,53.0
Autazes,2018,1176512,491146,1432897,4622462,8308,774265,73003,,157.0,,,,,,,1,0,324.0
Japurá,2018,1484717,135536,7759750,52988247,1150,14019,6633,,,137.0,,,,,,1,0,22.0
Parintins,2018,2193665,858899,947146,2155580,17647,484025,12164,172.0,,,317.0,,,,,1,1,27.0
Humaitá,2018,804298,742237,6132820,28198744,16317,718408,701956,19.0,8873.0,,37.0,,,,,1,1,168.0
Barcelos,2018,4674120,8044219,36842120,86859166,3799,41189,388315,231.0,14375.0,,3490.0,6708.0,,,,1,1,16.0
Juruá,2018,697103,177292,6950275,13907640,2024,35291,15472,,,,,,,,,1,1,8.0
Pauini,2018,269281,72108,1874633,44599250,2911,158476,3647,80.0,227.0,,,,,,,1,1,41.0
Presidente Figueiredo,2018,2735921,310790,1112365,23795676,8086,288463,65809,18.0,173.0,60287.0,1149.0,,46033.0,,,1,0,85.0
Ipixuna,2018,128850,26697,2112991,11198993,4606,177232,809,,6.0,,,,,,,1,1,24.0
Rio Preto da Eva,2018,13444,7679,171872,6108760,3766,201988,3375,36.0,,582.0,87.0,,,,,1,0,29.0
Eirunepé,2018,232852,66051,2438771,13964822,6067,155061,781,52.0,11.0,,,,,,,1,1,32.0
Barreirinha,2018,858702,455268,678970,4178508,4552,247080,19932,210.0,,,80.0,,,,,1,0,39.0
Silves,2018,601505,169716,263761,3026738,1503,93206,13498,11.0,,,,,,,,1,0,32.0
Manicoré,2018,786371,543848,5043527,43950157,11329,1514532,2510076,1766.0,21593.0,,138.0,5752.0,,,,1,0,262.0
Tabatinga,2018,109009,23425,973051,2513628,15847,18872,822,16.0,,,,,,,,1,0,9.0
Anori,2018,768666,242372,3621204,2101456,2336,24844,8567,2.0,9.0,,,,,,,1,0,3.0
Apuí,2018,281169,17432,1531527,56888043,5566,2407639,50933,70.0,31927.0,,79.0,4176.0,,,,1,0,524.0
Novo Airão,2018,1229875,227669,7738973,33005807,4340,48470,1774,,45.0,,143.0,,,,,1,0,21.0
Envira,2018,71623,13777,450090,7716657,4248,210903,520,17.0,7.0,,,,,,,1,1,42.0
Atalaia do Norte,2018,338963,39909,5168319,79764761,3033,14691,438,10.0,,,,,,,,1,0,20.0
Itapiranga,2018,238777,95006,243418,4214694,1913,56758,2931,76.0,7.0,,72.0,,,,,1,0,23.0
Novo Aripuanã,2018,785012,176386,3175356,40244980,4795,1067980,889183,1855.0,14135.0,11646.0,4.0,15898.0,,,,1,1,207.0
Fonte Boa,2018,762198,174021,8511875,4110536,3613,22786,25323,,49.0,,,,,,,1,0,4.0
Maués,2018,1210107,379745,1923720,40914596,6163,429532,20439,88.0,14211.0,7093.0,32.0,73.0,,,,1,0,93.0
Coari,2018,2716985,578832,9391354,52262949,12367,68376,10320,,,,,,,,,1,0,29.0
Manacapuru,2018,1379881,694149,2481365,3163956,15836,437214,47394,135.0,,,,,,,,1,0,28.0
Manaquiri,2018,268069,233716,1262717,2510463,1509,133322,44071,10.0,24.0,,,,,,,1,0,11.0
São Gabriel da Cachoeira,2018,1463147,446015,20201776,98524557,9426,8608,45063,35.0,13.0,148.0,,,,,,1,1,17.0
Caapiranga,2018,289926,164591,1214588,8755894,1548,100506,64848,,,,,,,,,1,0,13.0
Borba,2018,1719246,458854,5425849,41695124,4822,216304,145114,71.0,306.0,,,,,,,1,0,68.0
Urucará,2018,600621,278211,1543096,28638681,3285,131349,7907,106.0,1.0,31828.0,215.0,92.0,,,,1,1,7.0
Manaus,2018,1609840,111101,634450,9815753,284251,292208,6484,1619.0,21.0,8604.0,,,2021.0,,,1,0,24.0
Codajás,2018,1513382,471660,6118152,12804137,2601,33398,10133,,,,,,,,,1,1,15.0
São Paulo de Olivença,2018,644667,63998,3927669,17379186,10371,28233,4241,48.0,,,,,,,,1,0,12.0
Alvarães,2018,185634,37386,470789,5909918,1353,31955,1819,6.0,5.0,,,,,,,1,0,61.0
Canutama,2018,336431,167711,5887882,29975338,2654,989066,556285,33.0,18303.0,,87.0,,,,,1,1,155.0
Amaturá,2018,313587,24350,2041330,2932713,3217,10460,1513,,,,,,,,,1,0,7.0
São Sebastião do Uatumã,2018,532777,100192,640455,10503690,3144,131123,5439,306.0,9.0,,33.0,,,,,1,0,52.0
Nova Olinda do Norte,2018,446949,149351,973391,4536603,3290,131394,13566,,49.0,,,,,,,1,0,52.0
Iranduba,2018,319529,142829,364580,1429531,22056,203172,1337,239.0,,,,,,,,1,0,19.0
Carauari,2018,409432,85410,5484543,22872966,4164,90636,1688,56.0,273.0,,,,,,,1,1,6.0
Jutaí,2018,1208338,164290,9746710,66779634,2455,52333,12868,9.0,430.0,,,,,,,1,0,47.0
Santa Isabel do Rio Negro,2018,737647,502759,14362326,54457129,3080,18136,102075,114.0,159.0,,,3420.0,,,,1,0,17.0
Beruri,2018,1027879,290043,4551414,13653567,2134,80058,1859,19.0,21.0,,,,,,,1,1,15.0
Benjamin Constant,2018,188341,16260,881663,8636290,11012,11844,293,,,,,,,,,1,0,15.0
Itamarati,2018,285628,51404,2731467,25337539,1750,35640,1497,,,,,,,,,1,1,6.0
Tapauá,2018,1329696,826327,14796906,78500738,1825,88894,4964,16.0,197.0,,,,,,,1,1,29.0
Boa Vista do Ramos,2018,370348,327337,753019,1335850,1963,106464,5850,16.0,,,14.0,,,,,1,0,13.0
Lábrea,2018,528009,347397,6170887,64381410,7537,4694227,980459,268.0,10558.0,3442.0,13514.0,2454.0,,,,1,1,490.0
Careiro,2018,296741,288308,1676870,3996485,3577,528608,42651,74.0,179.0,184.0,,,,,,1,0,25.0
Maraã,2018,1606659,859149,10091566,6242125,1636,16510,26503,,,,,,,,,1,0,27.0
Nhamundá,2018,980038,442837,571133,13568361,1162,186672,6036,394.0,157.0,,658.0,,,,,1,1,44.0
Anamã,2018,195711,61156,671909,1774710,581,11774,25388,2.0,,,,,,,,1,0,12.0
Itacoatiara,2018,1751145,725054,2000657,4796351,20863,610600,55192,367.0,,1260.0,1.0,,,,,1,0,110.0
Careiro da Várzea,2019,711945,548097,804487,513428,717,332200,32878,,,,,,,,,1,1,50.0
Santo Antônio do Içá,2019,590195,25690,4151011,9066552,10552,12146,6906,,,,,,,,,1,1,4.0
Boca do Acre,2019,159267,54038,681152,21032893,5630,2377542,7403,583.0,1490.0,,809.0,,,,,1,0,704.0
Tonantins,2019,371972,67213,2111306,4644914,2552,11500,10494,,,,,,,,,1,1,1.0
Tefé,2019,723463,104200,1965714,23697090,8989,81460,1387,,367.0,,,,,,,1,0,93.0
Uarini,2019,563620,80297,3331577,7485304,2099,35229,13400,35.0,,,,,,,,1,0,55.0
Guajará,2019,49207,11439,1182199,6851697,4027,448953,1354,34.0,7.0,,,,,,,1,1,108.0
Autazes,2019,1234790,439947,1448876,4620036,8318,760707,65919,,157.0,,,,,,,1,1,133.0
Japurá,2019,1495828,132145,7753084,52987042,1149,14382,6416,,,133.0,,,,,,1,0,19.0
Parintins,2019,2314018,742941,962454,2178702,17658,437668,15851,74.0,,,249.0,,,,,1,0,47.0
Humaitá,2019,840238,721265,6124227,28109517,16328,797434,705495,51.0,9118.0,,28.0,,,,,1,1,226.0
Barcelos,2019,4644628,8150264,36753932,86858018,3803,45270,397228,205.0,14391.0,,3278.0,6703.0,,,,1,1,24.0
Juruá,2019,713707,171309,6937270,13907785,2026,34936,18064,,,,,,,,,1,0,16.0
Pauini,2019,268730,72788,1874135,44585915,2913,172308,3490,92.0,242.0,,,,,,,1,0,57.0
Presidente Figueiredo,2019,2829154,228976,1107131,23784320,8126,296523,64927,24.0,188.0,58959.0,466.0,,45976.0,,,1,1,55.0
Ipixuna,2019,134396,23294,2108113,11183814,4564,195591,400,5.0,6.0,,,,,,,1,1,47.0
Rio Preto da Eva,2019,13340,8006,172291,6107807,3803,201364,4299,32.0,,584.0,62.0,,,,,1,1,26.0
Eirunepé,2019,226113,73618,2437705,13959347,6082,160499,981,110.0,12.0,,,,,,,1,0,36.0
Barreirinha,2019,887281,432721,688444,4188611,4578,219578,21834,194.0,,,61.0,,,,,1,1,18.0
Silves,2019,613947,157502,264780,3027622,1517,89996,14562,11.0,,,,,,,,1,1,8.0
Manicoré,2019,802593,536713,5044017,43849529,11351,1604461,2509017,3913.0,21603.0,,134.0,5754.0,,,,1,1,222.0
Tabatinga,2019,110648,21241,970761,2513113,15877,20393,2578,56.0,,,,,,,,1,1,3.0
Apuí,2019,281316,17437,1528948,56548952,5589,2749610,50372,79.0,31961.0,,119.0,4178.0,,,,1,1,499.0
Novo Airão,2019,1255944,213239,7729146,33006436,4337,46334,1551,,45.0,,64.0,,,,,1,1,8.0
Envira,2019,71105,14391,448462,7698052,4276,230953,575,20.0,8.0,,,,,,,1,0,96.0
Atalaia do Norte,2019,341847,31125,5173689,79765391,3084,14569,430,,,,,,,,,1,1,9.0
Itapiranga,2019,241323,93656,244873,4218184,1955,50317,3222,61.0,26.0,,34.0,,,,,1,1,3.0
Novo Aripuanã,2019,787896,177242,3168462,39990151,4815,1323027,891879,1951.0,14300.0,11591.0,24.0,15896.0,,,,1,1,229.0
Fonte Boa,2019,774225,174292,8496504,4110673,3621,22475,28563,,48.0,,,,,,,1,1,2.0
Maués,2019,1223154,372284,1939033,40907606,6165,414650,19880,92.0,14536.0,8288.0,37.0,73.0,,,,1,1,56.0
Coari,2019,2734803,569099,9381212,52262608,12349,70068,11045,,,,,,,,,1,1,26.0
Manacapuru,2019,1619513,490787,2469683,3193379,16041,380745,49554,136.0,,,93.0,,,,,1,1,24.0
Manaquiri,2019,319736,194303,1255475,2509023,1534,124615,49179,12.0,24.0,,,,,,,1,1,6.0
São Gabriel da Cachoeira,2019,1461555,419538,20223397,98528070,9435,11190,45367,96.0,13.0,148.0,5.0,,,,,1,1,43.0
Caapiranga,2019,329734,132786,1211296,8760619,1570,93408,62467,,,,20.0,,,,,1,0,11.0
Borba,2019,1753500,433687,5429419,41694094,4873,202825,146851,129.0,312.0,,,,,,,1,1,38.0
Urucará,2019,652858,226585,1547693,28645898,3321,118747,8701,61.0,2.0,31316.0,119.0,92.0,,,,1,1,9.0
Manaus,2019,1639508,89464,629920,9816940,285582,285580,7068,1460.0,16.0,8597.0,197.0,,2020.0,,,1,1,13.0
Codajás,2019,1533719,468006,6104044,12803683,2602,32644,8765,,,,,,,,,1,1,17.0
São Paulo de Olivença,2019,646695,63194,3925751,17379731,10403,26760,5816,62.0,,,,,,,,1,1,3.0
Alvarães,2019,192197,33737,469141,5906851,1356,34382,1195,1.0,5.0,,,,,,,1,0,54.0
Canutama,2019,339313,166828,5881799,29896715,2669,1069126,558822,31.0,18384.0,,103.0,,,,,1,0,261.0
São Sebastião do Uatumã,2019,536542,98160,644722,10508859,3174,119094,6317,230.0,9.0,,62.0,,,,,1,1,9.0
Nova Olinda do Norte,2019,452727,145504,973334,4533219,3290,132294,14176,,51.0,,,,,,,1,1,22.0
Urucurituba,2019,969703,780564,1296381,105666,2939,51385,720,1.0,,,10.0,,,,,1,1,2.0
Iranduba,2019,353975,113035,362543,1436756,22509,192787,1264,254.0,,,150.0,,,,,1,0,15.0
Carauari,2019,413835,87193,5479470,22874257,4175,88608,1275,103.0,251.0,,,,,,,1,0,19.0
Jutaí,2019,1224389,170359,9720464,66778305,2489,53756,16873,2.0,430.0,,,,,,,1,1,14.0
Santa Isabel do Rio Negro,2019,737988,493762,14357974,54468218,3078,17461,104604,110.0,184.0,,,3419.0,,,,1,1,8.0
Beruri,2019,1034719,287108,4546877,13651573,2154,81996,2535,11.0,21.0,,,,,,,1,1,20.0
Benjamin Constant,2019,186453,16184,882843,8635434,11178,13242,364,,,,,,,,,1,1,4.0
Itamarati,2019,288329,53341,2728419,25336989,1739,34819,1284,5.0,,,,,,,,1,0,9.0
Tapauá,2019,1385699,784437,14788995,78476328,1818,108879,3077,8.0,323.0,,,,,,,1,0,77.0
Boa Vista do Ramos,2019,378240,317123,770034,1342073,1974,85584,5819,14.0,,,,,,,,1,1,6.0
Lábrea,2019,544501,337173,6159973,63871589,7549,5208873,980500,164.0,10677.0,3465.0,13243.0,2455.0,,,,1,0,633.0
Careiro,2019,313211,288642,1711227,4015293,3604,472183,29025,113.0,164.0,184.0,24.0,,,,,1,1,11.0
Maraã,2019,1679856,804607,10077732,6241160,1653,16180,22960,,,,,,,,,1,0,27.0
Nhamundá,2019,1026362,397555,579304,13578363,1156,166438,7519,366.0,176.0,,211.0,,,,,1,0,66.0
Anamã,2019,201037,58228,656345,1771111,629,13530,40327,19.0,,,,,,,,1,1,3.0
Itacoatiara,2019,1893605,595135,2008480,4802025,20920,582145,57458,415.0,,1255.0,55.0,,,,,1,1,58.0
Careiro da Várzea,2020,704605,560054,800745,513169,721,330027,34434,,,,,,,,,1,0,113.0
Santo Antônio do Içá,2020,590066,24999,4146170,9063798,10592,15409,12013,5.0,,,,,,,,1,1,13.0
Boca do Acre,2020,157577,54894,668649,20848406,5813,2574327,7987,903.0,1442.0,,809.0,,,,,1,1,551.0
Tonantins,2020,370980,67441,2108755,4644885,2575,11976,13339,,,,,,,,,1,1,2.0
Tefé,2020,701552,117881,1969321,23678995,9062,102455,2972,55.0,375.0,,,,,,,1,1,86.0
Uarini,2020,547336,85989,3340069,7480596,2100,41396,14048,27.0,,,,,,,,1,1,27.0
Guajará,2020,47819,12763,1180207,6828008,4038,474326,1730,26.0,,,,,,,,1,1,147.0
Autazes,2020,1216500,458291,1456733,4613996,8340,757147,67567,,170.0,,,,,,,1,0,230.0
Japurá,2020,1495143,145772,7738230,52985134,1153,17987,6629,,,136.0,,,,,,1,1,6.0
Parintins,2020,2198289,863085,957111,2178797,17781,436320,17852,131.0,,,249.0,,,,,1,0,43.0
Humaitá,2020,818089,739344,6123213,27996358,16376,915105,704723,1213.0,9221.0,,66.0,,,,,1,0,271.0
Barcelos,2020,4638640,8153936,36764017,86830151,3829,45929,416565,250.0,14624.0,,3096.0,6703.0,,,,1,0,99.0
Juruá,2020,714287,163717,6941592,13905729,2032,39371,18369,,,,,,,,,1,1,4.0
Pauini,2020,265558,75406,1868953,44562062,2915,200896,4440,167.0,217.0,,,,,,,1,1,51.0
Presidente Figueiredo,2020,2758679,283943,1113894,23777805,8161,305449,70233,44.0,207.0,59613.0,753.0,,45987.0,,,1,0,89.0
Ipixuna,2020,131845,24856,2106319,11173761,4616,208046,730,,11.0,,,,,,,1,1,55.0
Rio Preto da Eva,2020,12826,8432,172487,6102426,3845,206264,4633,29.0,,583.0,62.0,,,,,1,0,60.0
Eirunepé,2020,235072,68054,2433018,13954779,6105,166845,436,134.0,25.0,,,,,,,1,1,25.0
Barreirinha,2020,864639,457403,686040,4184613,4608,222121,23607,180.0,,,91.0,,,,,1,0,70.0
Silves,2020,603067,169196,264348,3027759,1519,87790,16237,11.0,,,5.0,,,,,1,0,22.0
Manicoré,2020,772543,561840,5034320,43732145,11423,1733138,2513220,3411.0,21194.0,,98.0,5752.0,,,,1,1,256.0
Tabatinga,2020,107982,22089,975527,2512260,15949,19614,1134,115.0,,,,,,,,1,0,58.0
Anori,2020,727153,289361,3606101,2101178,2396,29643,13619,5.0,,,,,,,,1,1,1.0
Apuí,2020,279640,18577,1528036,56232698,5595,3062571,51547,86.0,35549.0,,90.0,4172.0,,,,1,1,549.0
Novo Airão,2020,1234685,225823,7734377,33005876,4363,48690,2978,,45.0,,258.0,,,,,1,0,29.0
Envira,2020,70297,16453,445600,7683220,4288,247244,717,16.0,7.0,,,,,,,1,0,82.0
Atalaia do Norte,2020,333269,31350,5181620,79762994,3120,17274,482,5.0,,,,,,,,1,0,26.0
Itapiranga,2020,241512,96196,242195,4217090,1979,51211,3328,71.0,31.0,,39.0,,,,,1,0,11.0
Novo Aripuanã,2020,781756,182566,3161509,39849703,4845,1467378,894563,2559.0,14350.0,12035.0,75.0,15895.0,,,,1,0,291.0
Maués,2020,1216978,380811,1936615,40879951,6172,438546,21783,98.0,14904.0,9840.0,26.0,73.0,,,,1,1,92.0
Coari,2020,2618787,681330,9377187,52255717,12407,77315,18441,1.0,,,,,,,,1,1,38.0
Manacapuru,2020,1445110,626078,2442513,3195386,16190,384857,109400,160.0,,,237.0,,,,,1,1,45.0
Manaquiri,2020,283803,224890,1243625,2506655,1578,123201,69975,8.0,24.0,,137.0,,,,,1,1,13.0
São Gabriel da Cachoeira,2020,1459240,425146,20216738,98510602,9441,29918,47341,186.0,13.0,149.0,5.0,,,,,1,0,156.0
Caapiranga,2020,285783,172256,1186248,8764437,1593,95096,86477,,,,14.0,,,,,1,1,11.0
Borba,2020,1732292,451994,5445751,41692778,4916,191269,146175,201.0,313.0,,,,,,,1,0,68.0
Urucará,2020,641272,243591,1540720,28646030,3347,119031,9499,67.0,9.0,31500.0,235.0,92.0,,,,1,0,19.0
Manaus,2020,1617104,102232,637037,9810569,286780,291527,8606,1629.0,20.0,8643.0,184.0,,2021.0,,,1,1,57.0
Codajás,2020,1440745,557614,6098916,12800275,2619,37136,16158,,,,,,,,,1,0,21.0
São Paulo de Olivença,2020,646643,62379,3926230,17377491,10421,29570,5599,80.0,,,,,,,,1,1,54.0
Alvarães,2020,186730,36540,470591,5899217,1390,42987,1397,8.0,5.0,,,,,,,1,1,28.0
Canutama,2020,337274,168806,5870506,29837533,2691,1138810,559306,57.0,18438.0,,276.0,,,93.0,,1,0,247.0
Amaturá,2020,315486,23910,2039810,2933289,3259,7212,4204,,,,,,,,,1,0,5.0
São Sebastião do Uatumã,2020,535085,100471,643980,10505326,3191,122131,6704,216.0,9.0,,57.0,,,,,1,0,39.0
Nova Olinda do Norte,2020,448218,149049,978344,4530015,3325,133342,12248,,50.0,,,,,,,1,1,52.0
Urucurituba,2020,955253,809929,1282676,105731,2945,49895,931,1.0,,,8.0,,,,,1,0,3.0
Iranduba,2020,338208,129578,360502,1436275,22776,192835,2237,635.0,7.0,,220.0,,,,,1,1,3.0
Carauari,2020,412374,85124,5482597,22871661,4211,91296,1521,126.0,258.0,,,,,,,1,1,8.0
Jutaí,2020,1234387,161284,9717233,66774687,2542,61225,15282,,427.0,,,,,,,1,0,113.0
Santa Isabel do Rio Negro,2020,738015,493397,14358257,54459429,3074,20092,110773,176.0,208.0,,,3419.0,,,,1,0,36.0
Beruri,2020,1013278,307587,4543534,13646957,2167,90649,2770,28.0,24.0,,,,,,,1,1,24.0
Benjamin Constant,2020,183850,16809,885644,8635005,11192,12851,349,,,,,,,,,1,0,8.0
Itamarati,2020,289790,51285,2728506,25335383,1813,36869,1268,11.0,,,,,,,,1,1,7.0
Tapauá,2020,1377806,795105,14785218,78456139,1820,128835,4276,26.0,338.0,,,,,,,1,1,69.0
Boa Vista do Ramos,2020,369195,326775,768464,1340071,1990,87388,6964,14.0,,,,,,,,1,0,15.0
Lábrea,2020,534895,345647,6140561,63408784,7575,5689397,981548,1382.0,10662.0,3460.0,13803.0,2448.0,,,,1,1,628.0
Careiro,2020,298130,302439,1724513,4022424,3622,453539,28473,140.0,144.0,185.0,60.0,,,,,1,1,28.0
Maraã,2020,1564322,902269,10078478,6238196,1659,21915,37309,,,,,,,,,1,1,13.0
Nhamundá,2020,986192,441171,575236,13573090,1161,170965,8161,374.0,172.0,,928.0,,,,,1,1,34.0
Anamã,2020,196305,62401,656242,1768706,636,14994,41918,21.0,,,,,,,,1,1,4.0
Itacoatiara,2020,1832038,653722,2016111,4795071,20973,576318,65559,430.0,,1257.0,15.0,,,,,1,0,202.0
Careiro da Várzea,2021,741286,544585,791070,494069,714,323480,48554,,,,,,,,,1,1,60.0
Santo Antônio do Içá,2021,596991,22242,4146419,9062057,10553,17614,7171,5.0,,,,,,,,1,0,45.0
Boca do Acre,2021,156619,63217,652314,20582737,5831,2844604,10777,2076.0,1823.0,,809.0,,,,,1,1,663.0
Tonantins,2021,374498,68153,2099398,4644161,2588,13136,18017,,,,,,,,,1,0,11.0
Tefé,2021,703527,116328,1962594,23642700,9143,144321,3635,52.0,370.0,,,,,,,1,1,113.0
Uarini,2021,520264,113825,3317137,7466604,2119,64112,27467,33.0,,,,,,,,1,1,46.0
Guajará,2021,45535,15973,1178418,6794598,4038,508372,1932,40.0,11.0,,,,,,,1,1,164.0
Autazes,2021,1267418,437823,1442257,4565529,8360,772709,84487,,168.0,,,,,,,1,1,193.0
Japurá,2021,1507808,153656,7706524,52979705,1173,18831,6481,,,16026.0,,,,,,1,1,19.0
Parintins,2021,2458692,608144,961610,2186766,17791,415481,19961,173.0,53.0,,944.0,,,,,1,0,38.0
Humaitá,2021,826755,739176,6081090,27787061,16414,1154781,706079,1660.0,10380.0,,324.0,,,,,1,1,271.0
Barcelos,2021,5100514,7801730,36629095,86807409,3827,64786,446613,263.0,14639.0,,2167.0,6705.0,,,,1,1,12.0
Juruá,2021,681011,194335,6922630,13899135,2035,67648,18291,12.0,,,,,,,,1,1,12.0
Pauini,2021,277331,76381,1846878,44520732,2922,252015,4129,58.0,168.0,,,,,,,1,0,92.0
Presidente Figueiredo,2021,2816202,235839,1108150,23754621,8206,322659,70734,92.0,203.0,59891.0,2178.0,,45996.0,,,1,1,88.0
Ipixuna,2021,130524,28953,2096655,11155874,4613,232877,674,,14.0,,,,,,,1,1,63.0
Rio Preto da Eva,2021,13079,8774,173000,6099156,3841,200431,12585,39.0,,581.0,103.0,,,,,1,1,39.0
Eirunepé,2021,240732,71461,2417101,13948678,6168,179732,412,158.0,26.0,,,,,,,1,1,30.0
Barreirinha,2021,963303,369544,687519,4183003,4611,208517,26352,191.0,2.0,,260.0,,,,,1,1,18.0
Silves,2021,619067,155407,266500,3028911,1525,72651,25612,12.0,,,252.0,,,,,1,0,19.0
Manicoré,2021,786767,556902,5000805,43521543,11435,1968472,2509773,4192.0,22014.0,,1397.0,5790.0,,,,1,1,292.0
Tabatinga,2021,107436,25035,969066,2506451,15981,29457,1136,101.0,,,,,,,,1,1,9.0
Anori,2021,722112,296385,3601472,2100516,2401,30085,16477,,8.0,,,,,,,1,1,4.0
Apuí,2021,281853,18720,1519521,55704972,5613,3589051,56393,94.0,37522.0,,643.0,4179.0,,,,1,1,578.0
Novo Airão,2021,1272930,194552,7728671,33000379,4344,54508,1417,,48.0,,247.0,,,,,1,1,14.0
Envira,2021,74906,16692,437333,7664916,4284,269125,555,25.0,6.0,,,,,,,1,1,81.0
Atalaia do Norte,2021,357011,14880,5173001,79760986,3183,20603,486,2.0,,,,,,,,1,1,10.0
Itapiranga,2021,250182,88227,242686,4216242,1991,49822,3809,67.0,32.0,,594.0,,,,,1,1,3.0
Novo Aripuanã,2021,789248,180982,3135411,39585140,4877,1750199,894484,2909.0,14532.0,12070.0,1478.0,15905.0,,,,1,1,268.0
Fonte Boa,2021,769984,180997,8457386,4110127,3641,24881,63329,8.0,48.0,,,,,,,1,0,7.0
Maués,2021,1269256,346969,1926131,40797435,6179,509512,20700,123.0,14729.0,14361.0,336.0,72.0,,,,1,1,121.0
Coari,2021,2775614,551009,9362720,52241147,12532,85585,12582,,,,,,,,,1,1,52.0
Manacapuru,2021,1639181,492292,2472975,3187164,16389,376475,34675,180.0,,,601.0,,,,,1,0,159.0
Manaquiri,2021,324016,205166,1234715,2496194,1589,127758,64327,16.0,17.0,,103.0,,,,,1,0,23.0
São Gabriel da Cachoeira,2021,1464443,434479,20206061,98495812,9447,40539,47669,186.0,13.0,149.0,5.0,,,,,1,0,127.0
Caapiranga,2021,331997,141146,1205659,8761911,1624,94069,55486,,,,13.0,,,,,1,0,28.0
Borba,2021,1741233,451627,5428475,41671934,4916,216840,150096,229.0,310.0,,32.0,,,,,1,1,49.0
Urucará,2021,692349,195231,1540499,28646043,3335,115418,10056,80.0,9.0,31655.0,626.0,92.0,,,,1,1,6.0
Manaus,2021,1647530,78285,635715,9806102,288336,285966,11075,1816.0,32.0,8626.0,848.0,,2021.0,,,1,0,95.0
Codajás,2021,1525662,479817,6090811,12795156,2616,42958,16443,,,,,,,,,1,1,13.0
São Paulo de Olivença,2021,642751,67687,3925395,17375666,10409,32098,4304,103.0,,,,,,,,1,0,71.0
Alvarães,2021,179147,43682,468171,5881939,1410,62208,2297,6.0,5.0,,,,,,,1,1,58.0
Canutama,2021,338972,172101,5839290,29693054,2683,1302026,565874,61.0,18501.0,,733.0,,,312.0,183.0,1,1,210.0
Amaturá,2021,319651,23539,2038950,2932878,3220,7751,1181,,,,,,,,,1,1,2.0
São Sebastião do Uatumã,2021,541731,96846,643838,10502916,3194,120827,7139,261.0,10.0,,408.0,,,,,1,1,15.0
Nova Olinda do Norte,2021,458009,145268,973909,4521923,3356,139791,12286,,55.0,,,,,,,1,0,58.0
Urucurituba,2021,1037065,711689,1301710,105207,2964,47195,958,1.0,6.0,,574.0,,,,,1,1,1.0
Iranduba,2021,358384,112636,359792,1435869,23135,190338,1720,787.0,26.0,,586.0,,,,,1,0,43.0
Carauari,2021,422300,83795,5475834,22868146,4233,93454,1002,120.0,284.0,,,,,,,1,0,16.0
Jutaí,2021,1221621,164015,9695554,66771937,2579,64673,22804,,425.0,23459.0,,,,,,1,0,97.0
Santa Isabel do Rio Negro,2021,756341,488043,14351258,54446261,3076,23213,115703,9.0,200.0,,,3420.0,,,,1,1,13.0
Beruri,2021,996888,323477,4534516,13637029,2224,105953,6870,23.0,14.0,,,,,,,1,1,30.0
Benjamin Constant,2021,183478,16751,885180,8632771,11207,15565,751,,,,,,,,,1,1,1.0
Itamarati,2021,296737,52081,2718780,25332708,1862,41840,913,4.0,,,,,,,,1,0,13.0
Tapauá,2021,1366785,812898,14768904,78390474,1822,203410,4763,44.0,464.0,,1.0,,,,,1,1,81.0
Boa Vista do Ramos,2021,402512,293848,771692,1339580,2015,84356,6595,20.0,,,243.0,,,,,1,1,6.0
Lábrea,2021,540793,352632,6078870,62675707,7572,6468526,981923,2577.0,10617.0,3476.0,15014.0,2449.0,,,6.0,1,1,686.0
Careiro,2021,328042,300012,1727006,4015355,3627,429452,29018,144.0,127.0,184.0,717.0,,,,,1,1,35.0
Maraã,2021,1569487,902603,10010626,6233037,1672,28809,97914,,,,,,,,,1,0,23.0
Nhamundá,2021,1055498,367350,580306,13563911,1123,178000,8776,451.0,173.0,,1862.0,,,,,1,0,46.0
Anamã,2021,203814,56340,660497,1765977,710,15214,38656,16.0,,,7.0,,,,,1,1,9.0
Itacoatiara,2021,1904911,616729,2009008,4783538,21003,510219,113877,488.0,,1252.0,471.0,,,,,1,1,87.0
Careiro da Várzea,2022,773435,496496,803714,476629,727,344458,48300,,,,,,,,,1,1,107.0
Santo Antônio do Içá,2022,612343,25297,4116864,9059506,10734,21583,16334,5.0,,386.0,,,,,,1,1,21.0
Boca do Acre,2022,169174,55138,649832,20332726,6022,3093105,9501,2333.0,2050.0,,926.0,,,,,1,1,863.0
Tonantins,2022,388789,61167,2020003,4642650,2620,16466,88236,,,20.0,,,,,,1,0,5.0
Tefé,2022,736385,90527,1963025,23640094,9142,141711,1400,50.0,336.0,,,,,,,1,0,116.0
Uarini,2022,578276,73621,3302063,7466074,2106,65057,24331,33.0,,,,,,,,1,0,57.0
Guajará,2022,52580,14206,1174397,6760415,4017,541419,1830,42.0,11.0,,,,,,,1,1,182.0
Autazes,2022,1291910,405479,1420982,4518113,8441,846047,87607,,172.0,,,,,,,1,1,296.0
Japurá,2022,1577806,109415,7635856,52978098,1173,19998,6770,,,61101.0,,,,,,1,1,62.0
Parintins,2022,2544612,497102,984586,2190153,17820,414503,19586,413.0,163.0,,677.0,,,,,1,1,24.0
Humaitá,2022,823611,741245,6061827,27602680,16416,1366509,698418,1784.0,10912.0,,318.0,,,,,1,1,374.0
Barcelos,2022,7328245,5839252,36338989,86819338,3833,69894,453631,268.0,15227.0,,2323.0,6746.0,,,,1,0,14.0
Juruá,2022,735929,155922,6909715,13899955,2044,66172,15340,20.0,,,,,,,,1,0,16.0
Pauini,2022,291298,73119,1837825,44486829,2921,284493,3815,184.0,130.0,,,,,,,1,1,87.0
Presidente Figueiredo,2022,3030577,115166,1062834,23716201,8245,330886,52272,53.0,131.0,59702.0,2701.0,,46006.0,,,1,1,165.0
Ipixuna,2022,146254,22651,2086126,11139474,4589,250577,499,1.0,13.0,,,,,,,1,1,81.0
Rio Preto da Eva,2022,16240,7240,171165,6094228,3862,207954,10127,82.0,,581.0,110.0,,,,,1,1,51.0
Eirunepé,2022,254672,63183,2399374,13941717,6171,198634,538,166.0,13.0,,,,,,,1,1,65.0
Barreirinha,2022,1015097,295044,694969,4180928,4640,227170,24846,380.0,2.0,,226.0,,,,,1,1,37.0
Silves,2022,635301,135843,268120,3028898,1538,75644,24305,17.0,,,272.0,,,,,1,0,19.0
Manicoré,2022,821862,543252,4977445,43262775,11440,2221148,2516058,5829.0,22008.0,,1471.0,5802.0,,,,1,1,347.0
Tabatinga,2022,119716,17458,961686,2504178,16118,33526,1878,106.0,,,,,,,,1,0,40.0
Anori,2022,837208,194226,3599021,2100217,2444,25116,11211,5.0,8.0,,,,,,,1,1,6.0
Apuí,2022,295355,18001,1502943,55000152,5614,4303642,54180,148.0,33583.0,,755.0,4188.0,,,,1,1,638.0
Novo Airão,2022,1361210,142963,7696050,32999510,4361,51244,1428,,52.0,,278.0,,,,,1,0,15.0
Envira,2022,81652,14357,429795,7639489,4292,297475,745,31.0,6.0,,,,,,,1,1,113.0
Atalaia do Norte,2022,416291,3758,5126391,79758262,3198,21738,530,10.0,,,,,,,,1,1,18.0
Itapiranga,2022,254222,81823,244070,4214512,2001,52531,3759,127.0,30.0,,577.0,,,,,1,0,15.0
Novo Aripuanã,2022,802733,176523,3116805,39232818,4895,2106117,899211,4114.0,14535.0,12053.0,1552.0,15879.0,,,,1,1,396.0
Fonte Boa,2022,811334,154991,8381470,4108588,3644,29148,121150,19.0,57.0,,,,,,,1,1,7.0
Maués,2022,1317028,305443,1915109,40670098,6182,636864,21308,177.0,13526.0,19651.0,345.0,73.0,,,,1,1,140.0
Coari,2022,2887781,461546,9342527,52235089,12601,88634,13011,,,,,,,,,1,0,54.0
Manacapuru,2022,1752565,344646,2518099,3204849,16505,352633,29779,278.0,,,578.0,,,,,1,0,69.0
Manaquiri,2022,363469,155253,1247624,2495297,1620,123101,67421,16.0,12.0,,88.0,,,,,1,0,16.0
São Gabriel da Cachoeira,2022,1582411,375696,20125547,98473036,9472,89375,43007,245.0,13.0,151.0,,,,,,1,0,97.0
Caapiranga,2022,376624,98298,1211393,8769279,1643,89805,44851,,,,13.0,,,,,1,0,23.0
Borba,2022,1813407,399423,5395862,41631787,4966,269077,150579,247.0,312.0,,32.0,,,,,1,1,90.0
Urucará,2022,730737,155248,1541951,28644537,3347,117166,10066,133.0,8.0,31519.0,589.0,92.0,,,,1,1,11.0
Manaus,2022,1691553,52539,618245,9804076,289115,285807,10934,2504.0,25.0,8637.0,897.0,,2020.0,,,1,0,50.0
Codajás,2022,1630167,381958,6086141,12792385,2632,44197,15983,,,,,,,,,1,1,15.0
São Paulo de Olivença,2022,673175,52285,3904573,17374170,10573,37177,6323,137.0,,,,,,,,1,0,16.0
Alvarães,2022,201373,27619,464656,5882570,1445,59983,1214,,5.0,,,,,,,1,0,76.0
Canutama,2022,353103,165902,5823300,29463642,2723,1573534,531373,65.0,18655.0,,953.0,,,312.0,229.0,1,1,370.0
Amaturá,2022,331265,22194,2018566,2932257,3344,11110,8423,,,11.0,,,,,,1,0,7.0
São Sebastião do Uatumã,2022,551129,87244,642242,10499421,3195,125916,7063,577.0,16.0,,367.0,,,,,1,1,25.0
Nova Olinda do Norte,2022,470890,135289,964234,4509140,3377,157582,14040,,45.0,,,,,,,1,1,57.0
Urucurituba,2022,1076742,643143,1328617,104161,2992,50218,1047,1.0,6.0,,442.0,,,,,1,1,4.0
Iranduba,2022,386464,82421,362449,1436045,23276,189307,1765,936.0,25.0,,585.0,,,,,1,0,9.0
Carauari,2022,433205,82244,5462146,22863567,4252,102327,1038,140.0,249.0,,,,,,,1,1,11.0
Jutaí,2022,1276785,152737,9556589,66768131,2627,68837,98458,13.0,382.0,42508.0,,,,,,1,1,14.0
Santa Isabel do Rio Negro,2022,843668,441160,14307047,54454187,3089,31623,103040,108.0,127.0,,,3468.0,,,,1,0,21.0
Beruri,2022,1097853,240514,4530281,13628595,2236,106081,1402,26.0,6.0,,,,,,,1,1,58.0
Benjamin Constant,2022,192743,13276,878444,8631663,11475,17451,653,,,,,,,,,1,0,20.0
Itamarati,2022,310490,48864,2708551,25329776,1832,44630,782,,,,,,,,,1,1,13.0
Tapauá,2022,1447580,766520,14731044,78319228,1826,278119,4756,81.0,410.0,,1.0,,,,,1,1,130.0
Boa Vista do Ramos,2022,408671,274777,777496,1338410,2026,92790,6438,20.0,,,233.0,,,,,1,1,8.0
Lábrea,2022,570025,337129,6062266,61939271,7567,7219461,969556,3046.0,10620.0,3476.0,15268.0,2471.0,,,6.0,1,1,814.0
Careiro,2022,357637,253200,1746559,4008697,3656,433701,29263,166.0,72.0,186.0,548.0,,,,,1,0,71.0
Maraã,2022,1746106,753826,9985286,6231971,1655,27290,98014,,,,,,,,,1,0,20.0
Nhamundá,2022,1117943,299085,584196,13553946,1135,191724,7216,532.0,155.0,,1518.0,,,,,1,1,43.0
Anamã,2022,213476,47795,669759,1766558,736,15709,27175,23.0,,,,,,,,1,0,23.0
Itacoatiara,2022,1972416,539131,1998313,4765308,21048,551835,110978,759.0,,1257.0,451.0,,,,,1,1,131.0
